id,predicted_price
0,373127.72
1,918342.5
2,1.11293e+06
3,1.7607761e+06
4,701532.25
5,263886.2
6,841736.4
7,616581.8
8,432348.3
9,590191.6
10,641980.94
11,384096.4
12,250657.34
13,327909.5
14,194434.12
15,1.1031865e+06
16,1.0299141e+06
17,1.0201517e+06
18,383934.84
19,459183.25
20,436718.62
21,675510.7
22,758139.2
23,578253.3
24,585439.25
25,512909.94
26,251401.36
27,207294.9
28,329238.62
29,643617.7
30,360310.34
31,449462.7
32,559430.7
33,247813.95
34,418894.97
35,983929.1
36,798190.25
37,419924.72
38,378306.9
39,1.7444178e+06
40,543799.06
41,267470.7
42,310307.66
43,375816.44
44,283103.66
45,234362.9
46,408079.34
47,469098.7
48,403110.94
49,700678.9
50,448087.94
51,508629.5
52,407611.62
53,538068.44
54,566703.75
55,1.1292226e+06
56,367509.66
57,739732.44
58,422931.2
59,680627.0
60,408691.5
61,269040.4
62,231697.53
63,632689.56
64,395042.8
65,168963.16
66,291812.25
67,1.1364398e+06
68,577168.0
69,890680.06
70,327744.62
71,368545.4
72,1.0207139e+06
73,899491.6
74,488032.0
75,948459.4
76,1.2186584e+06
77,214560.86
78,556188.56
79,1.6192782e+06
80,777086.8
81,435721.16
82,640591.06
83,242579.73
84,910814.1
85,567064.4
86,442968.7
87,770820.56
88,372913.62
89,446196.8
90,260910.39
91,397702.1
92,632112.6
93,1.0507825e+06
94,552285.9
95,518463.62
96,243538.81
97,239206.3
98,762366.75
99,526365.94
100,311013.9
101,1.2605705e+06
102,579416.25
103,332372.22
104,1.04392044e+06
105,258802.16
106,433767.25
107,539581.25
108,767230.6
109,1.683234e+06
110,317822.7
111,242294.53
112,681998.6
113,759941.75
114,562308.8
115,289925.7
116,236321.3
117,364849.97
118,280615.34
119,480403.06
120,501372.0
121,407523.62
122,453003.66
123,190445.62
124,425792.7
125,801458.94
126,212751.56
127,788909.1
128,312899.3
129,361650.62
130,458939.8
131,445074.4
132,306483.56
133,766242.0
134,248932.95
135,552334.3
136,385883.5
137,287739.38
138,1.1259346e+06
139,648374.3
140,571893.7
141,721901.6
142,728754.75
143,409024.22
144,211071.81
145,333109.9
146,369879.1
147,194129.19
148,373742.44
149,476515.47
150,847316.4
151,934920.25
152,554383.6
153,1.6368034e+06
154,717380.25
155,694154.8
156,602299.5
157,392615.3
158,626666.06
159,362401.3
160,711288.6
161,412987.2
162,262615.28
163,337101.94
164,309450.62
165,370620.2
166,216257.86
167,292892.78
168,549757.06
169,355418.78
170,750545.94
171,355041.4
172,271064.56
173,705946.94
174,377099.88
175,393994.0
176,283343.88
177,569562.2
178,216241.94
179,365562.78
180,292157.84
181,513956.22
182,515502.75
183,666694.4
184,819199.2
185,361975.6
186,155766.52
187,546990.9
188,572262.5
189,485576.56
190,231214.08
191,823435.25
192,1.00206525e+06
193,1.0621686e+06
194,325009.22
195,509085.4
196,385186.84
197,1.5778551e+06
198,630840.44
199,371862.9
200,447474.0
201,280486.78
202,597637.1
203,852970.7
204,955919.5
205,336726.06
206,596496.56
207,286355.72
208,622099.9
209,807497.7
210,301127.7
211,268809.88
212,522658.44
213,426161.12
214,323945.88
215,653421.75
216,627261.56
217,290861.72
218,481869.34
219,453460.72
220,2.4952972e+06
221,533361.3
222,726404.6
223,310037.56
224,539027.4
225,590256.8
226,489449.2
227,993710.9
228,888338.5
229,330772.1
230,360858.53
231,288130.84
232,764734.3
233,194120.9
234,389573.7
235,275172.03
236,189193.1
237,281484.34
238,2.846298e+06
239,320978.0
240,354166.1
241,575988.44
242,662881.25
243,317467.88
244,377952.2
245,343063.38
246,395540.97
247,523630.12
248,969676.56
249,657036.4
250,835670.56
251,582152.44
252,415684.78
253,442413.53
254,529693.06
255,340314.66
256,342274.97
257,352351.53
258,1.0635274e+06
259,266906.12
260,3.5492438e+06
261,366869.84
262,840508.5
263,842164.2
264,639989.6
265,630492.44
266,951708.9
267,261350.78
268,407376.38
269,547969.2
270,401804.66
271,494534.56
272,322406.34
273,651441.3
274,432798.84
275,1.3218458e+06
276,215688.08
277,334335.3
278,580662.5
279,479345.6
280,265182.38
281,643149.4
282,306822.56
283,478844.22
284,358216.25
285,663427.94
286,335488.84
287,516156.78
288,422669.7
289,337621.7
290,613195.1
291,449923.88
292,199285.02
293,221334.34
294,732911.8
295,682517.5
296,483062.84
297,253467.31
298,446350.78
299,727237.7
300,589927.3
301,537944.06
302,369087.88
303,586367.94
304,377821.2
305,683493.44
306,468958.44
307,383423.75
308,246659.52
309,379750.06
310,266682.62
311,859219.3
312,896859.2
313,1.2747906e+06
314,1.0638884e+06
315,274484.84
316,1.1508414e+06
317,248988.62
318,927378.25
319,370108.12
320,320253.94
321,517139.4
322,325009.22
323,234196.23
324,503773.8
325,350293.12
326,800955.3
327,465143.3
328,305540.3
329,200163.83
330,631910.2
331,276321.72
332,320454.38
333,281608.34
334,503048.2
335,366632.88
336,649331.94
337,305402.56
338,1.3892371e+06
339,206583.95
340,1.3217139e+06
341,589354.7
342,549935.8
343,513714.66
344,795250.0
345,846741.7
346,588695.3
347,352800.66
348,554863.75
349,931915.06
350,207736.03
351,492246.56
352,418912.38
353,1.2273688e+06
354,232911.1
355,596591.25
356,616045.6
357,822602.9
358,799663.25
359,855846.94
360,376256.2
361,1.114926e+06
362,260381.89
363,566536.4
364,737984.9
365,266437.1
366,629312.94
367,274412.78
368,897835.1
369,312559.53
370,490816.97
371,503126.34
372,643739.6
373,483432.66
374,512640.34
375,317642.84
376,253670.34
377,729032.56
378,232496.97
379,436136.25
380,449857.62
381,568396.75
382,727043.0
383,388927.44
384,423298.72
385,287489.38
386,374088.6
387,569125.25
388,550314.4
389,474205.78
390,633285.4
391,310453.1
392,585018.44
393,485587.06
394,603470.06
395,309688.47
396,298943.16
397,1.381719e+06
398,761652.3
399,350921.94
400,300799.03
401,438882.38
402,824117.8
403,311398.78
404,475344.47
405,425298.3
406,552169.25
407,547449.1
408,319534.28
409,371631.22
410,461863.34
411,400476.12
412,581153.3
413,603961.9
414,248887.23
415,341869.94
416,603598.3
417,493309.62
418,777899.1
419,432562.03
420,396814.4
421,440354.56
422,239527.27
423,980392.3
424,438552.28
425,559795.6
426,371026.1
427,705454.5
428,540812.56
429,240166.11
430,674199.8
431,623305.4
432,799408.7
433,359767.06
434,657716.6
435,622636.06
436,648335.94
437,573873.25
438,534230.6
439,251004.62
440,841111.6
441,321692.56
442,546034.8
443,217921.95
444,289883.9
445,318997.97
446,416962.56
447,2.8012455e+06
448,392158.47
449,848191.2
450,495230.75
451,188928.06
452,600374.25
453,440086.06
454,380803.9
455,762629.44
456,313073.7
457,809221.9
458,362502.75
459,260783.27
460,436169.7
461,574103.5
462,1.3065564e+06
463,531324.6
464,1.5116478e+06
465,532154.94
466,418231.28
467,587385.8
468,758288.94
469,418710.72
470,627360.94
471,459458.1
472,382228.9
473,1.0527999e+06
474,453591.78
475,465389.78
476,294111.88
477,389317.28
478,386803.44
479,319310.4
480,210195.88
481,219056.92
482,338125.44
483,320282.53
484,372195.12
485,513343.1
486,613950.7
487,244908.1
488,762159.94
489,370972.9
490,724575.7
491,678536.9
492,561987.94
493,605602.9
494,1.8898109e+06
495,363058.8
496,815350.7
497,354187.06
498,509389.8
499,342145.6
500,341572.56
501,413560.84
502,434168.66
503,634331.0
504,320779.6
505,693744.94
506,642845.5
507,907617.8
508,415152.34
509,487169.47
510,925483.25
511,654240.6
512,912273.3
513,709942.4
514,329445.84
515,811061.94
516,418808.97
517,207881.0
518,329506.78
519,282323.9
520,299485.94
521,731854.6
522,663041.3
523,311752.5
524,570947.5
525,265102.44
526,554057.7
527,277815.8
528,851307.56
529,464053.28
530,672530.94
531,422705.3
532,1.0523978e+06
533,432307.9
534,186150.34
535,295017.1
536,321124.3
537,841945.5
538,534100.5
539,778991.8
540,563187.2
541,333808.38
542,842785.9
543,258294.72
544,1.7243869e+06
545,478993.53
546,342068.97
547,1.6285852e+06
548,748082.3
549,278203.94
550,668472.1
551,389559.66
552,649247.3
553,1.6805688e+06
554,291223.34
555,482141.4
556,288901.16
557,334801.97
558,206774.52
559,737225.25
560,474989.3
561,237022.16
562,549857.1
563,521723.28
564,169453.69
565,847850.7
566,237205.03
567,634744.7
568,234576.8
569,655431.4
570,554138.44
571,358275.9
572,710553.25
573,247985.92
574,324982.97
575,299068.12
576,324701.7
577,441989.9
578,273415.06
579,630558.2
580,386702.1
581,677708.56
582,833973.7
583,343914.6
584,293212.22
585,333425.88
586,248576.84
587,342746.8
588,273327.88
589,329876.9
590,412138.34
591,795852.56
592,343618.16
593,250239.84
594,400249.06
595,437968.4
596,1.0793098e+06
597,1.1626746e+06
598,806283.7
599,352044.22
600,506092.78
601,379208.72
602,1.1053265e+06
603,146124.52
604,366795.75
605,256041.78
606,425777.7
607,287418.44
608,293500.72
609,575207.25
610,666385.56
611,194705.39
612,444093.34
613,374394.28
614,458686.22
615,273312.38
616,263119.44
617,346284.94
618,486364.62
619,613123.44
620,852598.06
621,577721.7
622,2.6193125e+06
623,665479.9
624,1.0374043e+06
625,716613.1
626,322200.72
627,633962.4
628,1.1312196e+06
629,596217.06
630,320124.03
631,287832.62
632,371629.84
633,904979.5
634,449663.66
635,406454.84
636,463731.3
637,569162.94
638,257391.22
639,552131.0
640,534648.6
641,856129.9
642,795753.0
643,508368.03
644,410516.6
645,673196.4
646,341112.53
647,757107.9
648,408356.12
649,222974.9
650,900638.75
651,430146.22
652,433445.7
653,309838.56
654,2.0032431e+06
655,532997.94
656,633704.56
657,749918.2
658,647286.25
659,472100.3
660,248796.1
661,261017.34
662,314213.53
663,1.3126289e+06
664,478355.62
665,462232.16
666,773567.1
667,323978.1
668,465703.1
669,438513.72
670,1.1142548e+06
671,550469.4
672,810734.06
673,792675.0
674,464060.2
675,843875.9
676,638998.94
677,554303.6
678,360358.94
679,630521.6
680,470723.72
681,413074.66
682,660630.44
683,177670.39
684,587196.06
685,513767.38
686,384810.5
687,622250.94
688,631154.0
689,303248.12
690,250657.34
691,190142.95
692,412994.9
693,678642.75
694,662745.8
695,313474.88
696,316968.94
697,446120.06
698,328804.5
699,925374.6
700,336477.94
701,298548.22
702,247076.44
703,414813.2
704,596794.5
705,412994.9
706,1.00531525e+06
707,920576.5
708,1.0278107e+06
709,271419.22
710,547178.56
711,510589.56
712,252847.89
713,332463.56
714,495347.66
715,222808.02
716,487332.75
717,374859.62
718,316728.94
719,486933.9
720,283582.72
721,671107.2
722,521457.9
723,599342.8
724,912873.9
725,326973.3
726,654912.3
727,606612.1
728,350853.12
729,561339.4
730,225264.1
731,452727.1
732,667728.9
733,961456.5
734,439563.03
735,246995.4
736,288710.1
737,762440.75
738,981950.56
739,294568.94
740,306839.12
741,380832.12
742,366486.7
743,1.4547016e+06
744,157190.62
745,211615.27
746,195436.22
747,534606.8
748,352328.62
749,728341.2
750,1.1078935e+06
751,433021.16
752,300044.03
753,740461.1
754,322867.88
755,785671.8
756,543941.25
757,477433.97
758,633041.7
759,577706.2
760,223917.94
761,480759.38
762,552793.1
763,420713.66
764,389276.53
765,837356.75
766,546914.06
767,712552.56
768,875856.56
769,713098.06
770,227937.48
771,391124.97
772,398613.56
773,635444.44
774,563099.4
775,232306.38
776,306931.72
777,524993.5
778,288296.66
779,533116.4
780,448438.12
781,528169.6
782,520065.12
783,286687.34
784,342815.47
785,194914.89
786,193679.7
787,565974.94
788,255910.61
789,399999.94
790,515880.28
791,379872.2
792,296963.22
793,426423.44
794,477684.88
795,507112.4
796,290618.38
797,1.6849382e+06
798,516186.97
799,421398.22
800,519486.25
801,921699.25
802,409428.7
803,177629.95
804,463088.9
805,334680.44
806,344069.9
807,1.025678e+06
808,310593.1
809,563328.4
810,561592.56
811,493502.8
812,667728.5
813,681873.1
814,772060.6
815,889783.6
816,306581.34
817,1.0499234e+06
818,407288.88
819,603943.75
820,396887.97
821,276109.47
822,558988.2
823,526098.1
824,278747.72
825,777366.7
826,708453.56
827,220085.97
828,231946.42
829,337140.2
830,406325.28
831,815170.75
832,551565.25
833,341110.38
834,524516.8
835,442837.34
836,215801.22
837,475036.66
838,204509.34
839,383581.12
840,521526.25
841,342295.9
842,241074.83
843,535212.9
844,679297.44
845,548717.56
846,795461.56
847,488710.16
848,329185.8
849,557478.56
850,394366.12
851,805757.75
852,862737.7
853,445271.06
854,442775.72
855,280212.53
856,751869.5
857,500123.4
858,356472.97
859,1.4059366e+06
860,398415.12
861,275717.03
862,796819.9
863,953082.8
864,438895.66
865,477372.0
866,374371.4
867,188445.9
868,659686.1
869,482061.66
870,285095.88
871,483216.66
872,326860.0
873,372944.5
874,169927.31
875,286054.2
876,313858.66
877,313621.62
878,240118.0
879,365571.88
880,921996.7
881,516692.53
882,413812.1
883,602843.56
884,358111.3
885,160253.92
886,404980.16
887,303527.5
888,622825.06
889,209878.4
890,452898.38
891,854549.25
892,872197.0
893,657318.6
894,507762.78
895,261292.12
896,708728.9
897,717164.56
898,817542.44
899,360758.3
900,477501.72
901,935818.6
902,491860.22
903,188183.5
904,1.03605844e+06
905,154202.72
906,893142.7
907,336504.47
908,602999.75
909,619145.75
910,457269.97
911,565352.94
912,547866.94
913,768579.4
914,940524.7
915,524059.1
916,627953.3
917,490983.62
918,425611.44
919,218094.16
920,444780.66
921,403723.88
922,457922.8
923,536348.06
924,284244.3
925,241919.47
926,301554.7
927,506410.8
928,580192.1
929,317384.3
930,499417.44
931,501718.62
932,656097.25
933,953117.1
934,663238.2
935,434361.03
936,975148.3
937,437927.44
938,751103.3
939,305097.5
940,1.5235209e+06
941,298884.6
942,246615.3
943,420314.9
944,204886.78
945,386130.16
946,729925.2
947,727865.4
948,1.2067214e+06
949,275914.66
950,246499.66
951,319290.12
952,2.0119684e+06
953,516946.12
954,425833.62
955,1.0322478e+06
956,552824.56
957,630499.56
958,783060.8
959,1.2098808e+06
960,521846.75
961,274971.72
962,451159.9
963,697839.0
964,596638.25
965,282252.84
966,319274.22
967,294509.44
968,435663.38
969,754905.7
970,505420.44
971,784235.2
972,316950.38
973,309857.38
974,360780.56
975,210952.7
976,350342.97
977,253432.55
978,257593.33
979,847916.56
980,832973.06
981,287151.53
982,275473.78
983,459160.6
984,179628.23
985,538250.75
986,284020.34
987,955311.44
988,491705.78
989,330554.34
990,322297.2
991,644344.25
992,270608.94
993,858695.9
994,492025.34
995,640226.44
996,421810.22
997,389963.25
998,313299.06
999,252329.47
1000,578481.4
1001,362945.78
1002,457959.4
1003,284962.62
1004,236267.34
1005,195850.8
1006,610500.6
1007,373566.97
1008,318454.28
1009,1.0528142e+06
1010,564293.94
1011,378462.72
1012,354523.78
1013,413862.84
1014,413837.53
1015,1.7291412e+06
1016,427370.8
1017,616367.7
1018,399129.72
1019,281796.22
1020,3.6170735e+06
1021,438863.8
1022,367464.34
1023,399927.28
1024,1.2529404e+06
1025,228090.22
1026,1.4252116e+06
1027,592568.1
1028,452599.4
1029,874443.94
1030,266299.6
1031,630961.9
1032,354460.9
1033,213423.02
1034,537617.0
1035,365605.78
1036,215887.2
1037,530659.3
1038,286712.03
1039,271253.12
1040,427585.53
1041,472273.75
1042,479756.03
1043,511479.44
1044,571407.3
1045,843520.06
1046,422636.78
1047,195550.6
1048,359289.12
1049,987975.1
1050,341724.75
1051,641969.25
1052,235765.48
1053,523017.38
1054,2.514888e+06
1055,720209.9
1056,337613.3
1057,359045.88
1058,392820.78
1059,491617.34
1060,718329.56
1061,595446.9
1062,256463.6
1063,1.7577709e+06
1064,626186.0
1065,516078.12
1066,418007.47
1067,231286.66
1068,448774.84
1069,435129.6
1070,1.1760366e+06
1071,368701.66
1072,767963.75
1073,237119.47
1074,445922.72
1075,294740.9
1076,340048.66
1077,264338.9
1078,850032.4
1079,326010.66
1080,695887.25
1081,279941.47
1082,380371.28
1083,309360.75
1084,282830.4
1085,604962.1
1086,593944.9
1087,698805.0
1088,562397.8
1089,729454.56
1090,310186.28
1091,1.672427e+06
1092,266837.8
1093,185084.7
1094,287842.6
1095,636661.7
1096,439879.75
1097,1.3788084e+06
1098,377516.2
1099,453439.5
1100,288042.7
1101,442588.9
1102,510653.75
1103,976460.06
1104,477038.97
1105,268951.94
1106,695740.7
1107,268516.7
1108,296398.06
1109,505258.22
1110,348220.66
1111,507374.38
1112,256305.94
1113,758617.06
1114,148227.84
1115,353449.9
1116,1.1441111e+06
1117,1.2346826e+06
1118,283163.7
1119,409843.62
1120,909866.5
1121,534316.9
1122,243587.38
1123,449595.5
1124,439783.78
1125,183478.66
1126,555700.94
1127,498516.78
1128,732579.6
1129,397321.56
1130,710217.8
1131,777224.0
1132,514531.25
1133,680373.3
1134,645106.2
1135,293518.5
1136,946501.5
1137,344738.5
1138,202438.03
1139,206956.73
1140,296085.56
1141,585724.44
1142,225967.39
1143,562042.06
1144,481864.8
1145,254591.12
1146,781982.56
1147,475095.94
1148,1.8419576e+06
1149,1.2873956e+06
1150,698063.5
1151,466805.78
1152,521006.94
1153,294360.8
1154,284526.3
1155,1.7377704e+06
1156,282931.7
1157,435500.03
1158,471502.97
1159,644862.2
1160,236608.19
1161,890949.4
1162,542449.2
1163,352313.9
1164,249935.5
1165,500834.34
1166,442872.0
1167,413911.5
1168,196863.0
1169,1.04085575e+06
1170,610475.2
1171,537395.56
1172,252080.81
1173,476458.94
1174,652116.9
1175,567456.1
1176,383155.06
1177,385360.7
1178,757391.56
1179,222800.3
1180,413952.34
1181,1.1118976e+06
1182,303984.47
1183,472384.5
1184,1.8475548e+06
1185,479690.84
1186,611806.3
1187,3.2795592e+06
1188,486217.78
1189,523464.2
1190,584802.0
1191,368011.94
1192,1.01057406e+06
1193,848691.8
1194,591107.8
1195,481757.3
1196,353040.1
1197,270170.06
1198,569692.3
1199,278156.8
1200,962422.5
1201,483392.12
1202,613227.75
1203,1.3408612e+06
1204,691343.75
1205,365604.94
1206,267135.9
1207,789699.1
1208,889094.5
1209,477685.72
1210,1.1541818e+06
1211,220533.03
1212,454507.84
1213,611747.1
1214,577148.2
1215,497163.66
1216,531479.8
1217,810210.1
1218,389427.72
1219,733065.44
1220,201824.17
1221,401195.03
1222,469884.3
1223,219187.34
1224,322877.66
1225,303857.66
1226,388981.53
1227,423546.78
1228,416781.84
1229,211690.81
1230,539186.1
1231,525590.0
1232,1.048755e+06
1233,352976.3
1234,309374.97
1235,243687.47
1236,562778.3
1237,702148.56
1238,280346.97
1239,685077.8
1240,598615.3
1241,338424.66
1242,289360.47
1243,400302.06
1244,712136.1
1245,1.4137588e+06
1246,548985.2
1247,377823.38
1248,447855.66
1249,408172.06
1250,527422.56
1251,818814.6
1252,520999.44
1253,420064.84
1254,385630.25
1255,485865.38
1256,358179.9
1257,403137.5
1258,502617.1
1259,370159.0
1260,520820.84
1261,501718.6
1262,707041.2
1263,424555.7
1264,216507.78
1265,368877.3
1266,417445.78
1267,239307.36
1268,586062.4
1269,124607.42
1270,382790.06
1271,379162.22
1272,683674.9
1273,579589.06
1274,403195.38
1275,835658.2
1276,413635.0
1277,724029.1
1278,817051.9
1279,581726.7
1280,466384.1
1281,394492.8
1282,1.3658919e+06
1283,825591.0
1284,181073.39
1285,323589.53
1286,461737.47
1287,231123.83
1288,987189.5
1289,802921.56
1290,917560.94
1291,200956.75
1292,623146.9
1293,712115.5
1294,227220.75
1295,496498.94
1296,323923.0
1297,632314.9
1298,245582.06
1299,365093.53
1300,289326.3
1301,621799.2
1302,359370.6
1303,222139.39
1304,613038.2
1305,687952.56
1306,572983.75
1307,481476.03
1308,222760.08
1309,590657.44
1310,170690.48
1311,204130.11
1312,604003.2
1313,566729.3
1314,227733.95
1315,375738.62
1316,301722.22
1317,643144.7
1318,268667.3
1319,306027.2
1320,375027.16
1321,426413.56
1322,306108.56
1323,273076.53
1324,320292.28
1325,635091.94
1326,229321.2
1327,3.2034035e+06
1328,1.8666884e+06
1329,515998.53
1330,662574.0
1331,520147.3
1332,520724.44
1333,542031.4
1334,593779.94
1335,326935.16
1336,752848.2
1337,391534.06
1338,234971.0
1339,1.1002404e+06
1340,467421.0
1341,257041.55
1342,256894.25
1343,408915.25
1344,519946.56
1345,466517.75
1346,732801.7
1347,728666.4
1348,478939.7
1349,1.2130026e+06
1350,460290.53
1351,332099.84
1352,404461.4
1353,513403.72
1354,391249.66
1355,350065.53
1356,608185.25
1357,1.5829332e+06
1358,704390.06
1359,1.035162e+06
1360,284007.12
1361,204840.67
1362,258041.33
1363,305533.72
1364,269881.5
1365,918875.56
1366,336178.53
1367,431748.72
1368,324475.53
1369,352994.22
1370,560563.56
1371,352489.75
1372,509717.78
1373,679080.4
1374,458972.72
1375,508257.22
1376,247921.2
1377,364206.56
1378,693651.9
1379,193523.28
1380,351399.28
1381,186652.08
1382,401804.66
1383,313113.47
1384,419909.56
1385,769391.0
1386,414292.3
1387,725677.2
1388,439495.53
1389,391851.75
1390,297025.0
1391,438715.72
1392,702408.44
1393,443237.47
1394,422124.44
1395,759371.8
1396,1.1575736e+06
1397,366201.5
1398,380768.2
1399,863228.44
1400,239511.14
1401,1.1908818e+06
1402,857874.44
1403,318251.2
1404,1.1389561e+06
1405,264511.4
1406,334585.1
1407,579680.9
1408,290232.6
1409,280557.34
1410,219572.34
1411,357467.7
1412,395577.72
1413,427021.6
1414,442775.72
1415,404314.0
1416,442922.03
1417,735467.3
1418,797346.25
1419,372795.47
1420,434205.88
1421,489503.78
1422,847530.4
1423,690161.06
1424,245796.77
1425,272926.0
1426,368964.12
1427,163873.0
1428,1.02343744e+06
1429,486599.22
1430,719045.44
1431,178768.75
1432,304067.75
1433,1.0328104e+06
1434,373562.16
1435,464572.34
1436,512399.72
1437,219210.95
1438,148116.73
1439,467475.47
1440,354525.53
1441,515992.56
1442,209110.58
1443,333257.03
1444,374186.78
1445,331348.84
1446,197163.5
1447,390403.47
1448,563646.7
1449,554157.94
1450,293708.78
1451,284923.56
1452,649586.8
1453,154547.56
1454,360112.56
1455,248479.88
1456,457582.72
1457,875861.44
1458,1.0632585e+06
1459,231342.0
1460,931830.56
1461,591843.4
1462,418694.47
1463,256362.81
1464,633933.9
1465,237822.89
1466,269305.84
1467,836240.75
1468,2.4520912e+06
1469,565122.1
1470,272476.47
1471,373649.72
1472,314656.4
1473,241613.5
1474,522626.47
1475,317197.34
1476,442412.75
1477,306539.78
1478,304427.56
1479,329728.94
1480,376476.9
1481,688746.6
1482,473883.88
1483,324391.3
1484,855002.8
1485,764702.1
1486,412006.53
1487,582824.94
1488,1.7091311e+06
1489,404427.2
1490,679042.44
1491,766483.06
1492,514302.47
1493,540498.9
1494,639978.56
1495,411368.84
1496,322830.84
1497,424219.88
1498,311606.7
1499,455867.28
1500,343615.8
1501,638927.75
1502,837654.25
1503,870233.8
1504,1.4016944e+06
1505,687122.06
1506,498765.6
1507,402042.8
1508,288783.97
1509,398814.84
1510,282270.53
1511,314429.78
1512,729384.0
1513,305076.94
1514,600131.8
1515,524316.6
1516,530721.9
1517,275745.72
1518,306913.78
1519,831766.2
1520,738544.06
1521,932370.56
1522,538200.0
1523,734045.7
1524,672507.44
1525,197173.97
1526,820910.4
1527,944854.6
1528,345236.97
1529,248867.66
1530,321807.4
1531,454375.9
1532,531012.75
1533,462991.8
1534,691692.9
1535,624160.0
1536,723618.94
1537,284262.97
1538,780087.75
1539,242248.8
1540,405417.53
1541,285150.88
1542,327893.78
1543,349692.2
1544,964639.94
1545,187904.5
1546,226125.42
1547,558244.9
1548,428176.5
1549,394144.97
1550,448220.66
1551,1.5184368e+06
1552,1.1515915e+06
1553,621598.2
1554,251913.3
1555,229262.12
1556,801514.8
1557,411319.84
1558,320640.78
1559,347820.47
1560,335392.6
1561,670324.4
1562,334270.12
1563,1.7097045e+06
1564,387950.5
1565,709406.75
1566,647580.94
1567,263563.1
1568,790796.2
1569,296319.12
1570,581205.75
1571,360433.22
1572,888812.6
1573,481515.97
1574,463608.94
1575,645169.8
1576,721555.75
1577,454392.22
1578,687991.4
1579,696412.4
1580,441799.03
1581,385994.8
1582,387590.94
1583,386051.34
1584,349155.03
1585,338364.28
1586,854475.6
1587,1.2614164e+06
1588,173309.95
1589,738318.25
1590,248339.34
1591,362827.75
1592,142156.86
1593,494092.97
1594,1.138504e+06
1595,254464.02
1596,673093.1
1597,745035.0
1598,374264.28
1599,1.8145785e+06
1600,819250.0
1601,338547.84
1602,809194.8
1603,422828.2
1604,547582.3
1605,539695.8
1606,796245.8
1607,186256.22
1608,584436.75
1609,413757.5
1610,254473.0
1611,1.5483472e+06
1612,319909.94
1613,441688.16
1614,220293.06
1615,512751.28
1616,243019.19
1617,570198.7
1618,481389.97
1619,622442.8
1620,357126.06
1621,726245.5
1622,300960.62
1623,1.0901761e+06
1624,672590.2
1625,195103.12
1626,1.938895e+06
1627,800000.9
1628,414863.34
1629,270449.88
1630,620524.9
1631,574252.2
1632,226436.14
1633,556192.3
1634,389373.1
1635,408451.34
1636,736309.1
1637,324747.6
1638,839543.56
1639,1.376873e+06
1640,217273.75
1641,374619.28
1642,661560.1
1643,386646.8
1644,762006.0
1645,402222.5
1646,240675.94
1647,520591.53
1648,295724.5
1649,299243.94
1650,293149.22
1651,345583.84
1652,158075.8
1653,356778.2
1654,728849.6
1655,953433.5
1656,360346.97
1657,349933.8
1658,282242.56
1659,836333.2
1660,492172.3
1661,671205.5
1662,392367.34
1663,434365.38
1664,629203.06
1665,707450.8
1666,804027.1
1667,511438.47
1668,431123.22
1669,924904.3
1670,468969.72
1671,559628.5
1672,259659.8
1673,543650.6
1674,364268.62
1675,561456.0
1676,466841.38
1677,315064.44
1678,625630.1
1679,422293.0
1680,792423.56
1681,450335.2
1682,294287.0
1683,440525.75
1684,706914.44
1685,490202.84
1686,1.1010359e+06
1687,461420.5
1688,390491.5
1689,461392.8
1690,482826.62
1691,598848.5
1692,492843.72
1693,747765.8
1694,608771.6
1695,782957.4
1696,505819.5
1697,477295.8
1698,1.330854e+06
1699,269868.28
1700,216810.55
1701,1.5010568e+06
1702,454334.1
1703,389202.6
1704,299868.12
1705,649103.8
1706,161012.28
1707,889530.7
1708,787478.4
1709,1.7816086e+06
1710,642597.9
1711,331109.53
1712,272543.22
1713,406119.38
1714,322761.56
1715,1.0368372e+06
1716,857469.4
1717,1.3091204e+06
1718,325400.88
1719,418640.1
1720,371354.88
1721,399033.62
1722,258286.53
1723,481676.06
1724,481609.56
1725,331938.78
1726,374321.75
1727,278495.06
1728,180266.92
1729,651857.0
1730,411287.78
1731,450518.9
1732,1.1386508e+06
1733,811842.7
1734,331756.7
1735,1.3430835e+06
1736,497934.53
1737,736688.3
1738,236628.23
1739,758669.25
1740,707901.2
1741,540347.06
1742,254755.84
1743,565692.25
1744,713531.9
1745,432378.38
1746,852681.94
1747,367632.4
1748,776852.3
1749,305641.8
1750,458322.44
1751,630312.56
1752,313138.34
1753,526098.1
1754,1.1592865e+06
1755,575304.2
1756,657062.8
1757,1.488808e+06
1758,318395.56
1759,342701.1
1760,272366.34
1761,322797.8
1762,455896.25
1763,710895.0
1764,447184.84
1765,451820.44
1766,459011.6
1767,482508.1
1768,312722.94
1769,260234.62
1770,827259.94
1771,571232.56
1772,220791.75
1773,349098.06
1774,698019.3
1775,851743.75
1776,1.1071316e+06
1777,199794.33
1778,461155.47
1779,199199.06
1780,204886.97
1781,668076.75
1782,223226.75
1783,1.1145309e+06
1784,967952.4
1785,533727.7
1786,850368.0
1787,381428.75
1788,618960.44
1789,283357.75
1790,716896.3
1791,331006.72
1792,1.0327059e+06
1793,285519.1
1794,557533.44
1795,340225.94
1796,322721.6
1797,378811.28
1798,226655.38
1799,217562.36
1800,415400.78
1801,264724.4
1802,243876.06
1803,235943.14
1804,714642.56
1805,323706.28
1806,264388.97
1807,1.0280313e+06
1808,369299.78
1809,618699.25
1810,750668.8
1811,882245.0
1812,315537.16
1813,746844.44
1814,520388.12
1815,437329.8
1816,2.772478e+06
1817,1.0529518e+06
1818,284506.88
1819,770934.7
1820,622431.3
1821,273224.06
1822,501623.62
1823,571095.06
1824,608459.3
1825,465261.97
1826,592969.8
1827,264419.7
1828,473045.44
1829,412129.03
1830,438669.22
1831,325145.88
1832,553414.2
1833,700275.4
1834,322948.97
1835,454150.06
1836,462404.5
1837,267433.75
1838,536414.94
1839,966750.06
1840,311229.22
1841,536378.3
1842,462638.8
1843,592253.25
1844,1.8945949e+06
1845,625489.2
1846,743113.9
1847,353244.0
1848,349125.6
1849,916056.5
1850,476113.94
1851,236701.25
1852,702903.94
1853,373957.62
1854,871415.0
1855,374806.47
1856,723899.3
1857,817032.3
1858,979161.6
1859,731379.6
1860,291131.56
1861,198252.92
1862,223877.1
1863,672565.6
1864,834016.06
1865,450473.47
1866,715435.25
1867,441880.53
1868,244188.8
1869,346112.5
1870,411173.9
1871,313771.16
1872,329829.5
1873,717989.2
1874,258619.36
1875,375858.9
1876,251160.64
1877,315285.6
1878,326141.28
1879,381744.66
1880,332164.47
1881,752162.9
1882,333915.47
1883,215507.56
1884,415292.53
1885,658185.4
1886,651727.6
1887,240333.5
1888,279379.94
1889,310194.56
1890,217762.06
1891,515078.44
1892,355540.5
1893,437417.22
1894,313350.9
1895,552087.8
1896,285590.4
1897,443888.66
1898,622716.8
1899,452804.7
1900,325864.75
1901,888684.2
1902,843707.1
1903,455734.34
1904,265905.16
1905,2.1718775e+06
1906,458250.75
1907,247848.14
1908,443287.16
1909,292038.75
1910,778703.3
1911,319351.56
1912,290071.53
1913,498613.72
1914,848065.06
1915,569040.8
1916,343903.38
1917,692470.7
1918,1.0543466e+06
1919,224912.3
1920,262493.44
1921,545182.7
1922,582316.4
1923,584902.4
1924,595425.6
1925,558140.56
1926,462139.1
1927,644339.44
1928,1.9279371e+06
1929,374905.12
1930,254084.86
1931,712162.44
1932,429412.1
1933,196395.58
1934,473506.12
1935,309256.62
1936,746160.2
1937,669092.25
1938,572927.5
1939,478679.12
1940,596625.6
1941,541958.25
1942,1.1511738e+06
1943,344904.0
1944,298395.6
1945,511919.44
1946,730665.0
1947,229041.7
1948,1.5773554e+06
1949,282199.44
1950,240938.58
1951,548582.44
1952,665936.3
1953,388781.22
1954,415153.5
1955,489727.97
1956,468279.38
1957,354852.94
1958,365254.16
1959,380615.78
1960,160310.89
1961,1.102274e+06
1962,517254.56
1963,817929.9
1964,1.049425e+06
1965,448309.94
1966,286723.53
1967,251773.05
1968,573449.3
1969,497726.75
1970,475382.7
1971,1.05575e+06
1972,333388.7
1973,374220.94
1974,797911.44
1975,479499.53
1976,453953.4
1977,287399.2
1978,434022.9
1979,3.678854e+06
1980,214475.45
1981,247391.6
1982,548844.0
1983,674271.3
1984,178582.67
1985,480384.56
1986,627469.5
1987,814494.2
1988,674159.25
1989,752928.6
1990,447417.72
1991,583143.5
1992,2.3995738e+06
1993,521607.56
1994,288959.7
1995,326896.34
1996,428395.53
1997,1.6170958e+06
1998,447478.75
1999,967756.7
2000,433944.94
2001,314956.56
2002,492536.9
2003,258625.3
2004,328121.28
2005,1.2520176e+06
2006,365050.0
2007,298336.72
2008,454126.75
2009,265562.6
2010,358390.06
2011,637107.1
2012,452393.4
2013,460181.53
2014,2.8437315e+06
2015,386550.03
2016,1.9887055e+06
2017,860649.9
2018,343810.47
2019,275580.88
2020,706292.7
2021,592445.0
2022,379943.53
2023,799375.25
2024,399554.72
2025,736147.44
2026,638045.8
2027,563935.1
2028,416336.38
2029,499972.1
2030,271350.7
2031,244918.03
2032,629646.8
2033,484385.6
2034,847436.75
2035,390145.12
2036,461246.84
2037,431817.9
2038,308787.66
2039,431209.3
2040,513044.06
2041,426776.0
2042,212835.12
2043,225597.23
2044,236267.34
2045,402601.97
2046,176504.34
2047,321021.2
2048,450019.28
2049,457209.97
2050,450373.03
2051,975268.9
2052,893894.1
2053,410892.72
2054,964958.75
2055,644423.4
2056,213302.05
2057,782754.75
2058,1.6319431e+06
2059,551654.3
2060,543614.25
2061,434383.75
2062,739539.94
2063,207816.98
2064,375697.88
2065,414022.84
2066,229139.19
2067,505418.47
2068,465062.25
2069,329350.5
2070,194030.55
2071,336071.1
2072,882664.75
2073,788514.9
2074,624226.2
2075,924262.75
2076,849949.8
2077,447599.34
2078,303375.97
2079,281837.66
2080,451342.38
2081,239831.02
2082,247490.75
2083,586311.44
2084,346897.4
2085,268362.1
2086,265990.22
2087,559786.7
2088,347799.5
2089,311510.2
2090,380880.1
2091,704190.6
2092,393462.94
2093,784280.4
2094,976508.3
2095,377078.22
2096,303606.5
2097,240830.25
2098,608879.94
2099,202018.12
2100,444654.94
2101,819054.3
2102,309058.75
2103,415188.62
2104,1.3367056e+06
2105,525180.75
2106,549626.44
2107,516757.3
2108,400104.8
2109,558373.06
2110,776982.75
2111,498362.9
2112,421288.03
2113,291506.28
2114,324251.88
2115,722952.1
2116,259323.92
2117,845506.25
2118,415926.6
2119,469713.7
2120,418281.62
2121,451133.53
2122,521925.72
2123,551863.9
2124,805429.7
2125,353387.34
2126,516413.84
2127,706265.06
2128,712087.2
2129,322081.97
2130,299478.5
2131,498484.12
2132,503642.66
2133,631968.56
2134,388955.1
2135,417101.88
2136,706083.5
2137,321655.84
2138,436302.78
2139,556618.0
2140,953413.56
2141,1.3889371e+06
2142,2.5135095e+06
2143,242295.08
2144,303027.75
2145,320795.0
2146,419963.7
2147,372519.3
2148,421407.47
2149,130061.695
2150,402356.06
2151,1.051528e+06
2152,686276.6
2153,475660.5
2154,678760.3
2155,575001.8
2156,580602.75
2157,177162.3
2158,961435.0
2159,299787.66
2160,296261.9
2161,290787.4
2162,267029.66
2163,444958.4
2164,528885.25
2165,700076.8
2166,390709.53
2167,509666.94
2168,952949.0
2169,162384.73
2170,850260.9
2171,395271.7
2172,1.0170332e+06
2173,291870.9
2174,234258.98
2175,669014.7
2176,557453.2
2177,530532.44
2178,279666.53
2179,202406.25
2180,361452.94
2181,630390.8
2182,316228.1
2183,429068.38
2184,409759.8
2185,596972.3
2186,450719.9
2187,335062.6
2188,660334.06
2189,813131.6
2190,1.1679228e+06
2191,319799.6
2192,325488.44
2193,403541.0
2194,601829.06
2195,234763.67
2196,589240.06
2197,479464.16
2198,729614.9
2199,278537.72
2200,294435.16
2201,2.1937765e+06
2202,624288.75
2203,387877.94
2204,410655.3
2205,1.5903122e+06
2206,254216.69
2207,240057.69
2208,623793.3
2209,392275.44
2210,820307.8
2211,421632.34
2212,736724.5
2213,359363.22
2214,254753.86
2215,651587.25
2216,433530.34
2217,475192.94
2218,240158.56
2219,314839.56
2220,747652.9
2221,325547.97
2222,800154.06
2223,246869.53
2224,400864.34
2225,321169.34
2226,509559.25
2227,593931.25
2228,356908.22
2229,351750.16
2230,575109.7
2231,354051.44
2232,4.582514e+06
2233,352945.75
2234,176391.81
2235,409010.5
2236,268792.38
2237,659708.44
2238,823835.44
2239,351058.4
2240,593244.75
2241,638564.1
2242,585071.25
2243,654981.7
2244,494104.1
2245,428955.3
2246,899607.6
2247,245677.92
2248,651027.25
2249,476461.72
2250,687408.75
2251,238044.22
2252,712979.44
2253,294513.78
2254,281733.7
2255,461465.8
2256,662281.0
2257,241492.8
2258,541630.7
2259,235178.1
2260,1.6858266e+06
2261,475981.97
2262,393008.6
2263,757232.3
2264,499647.0
2265,425421.16
2266,1.560242e+06
2267,695374.44
2268,532587.2
2269,662856.0
2270,501437.94
2271,382788.9
2272,538291.44
2273,590893.3
2274,533576.75
2275,346976.56
2276,338832.97
2277,471501.34
2278,922194.94
2279,410918.47
2280,352692.47
2281,519437.22
2282,810558.06
2283,519710.66
2284,417636.4
2285,375627.25
2286,457134.66
2287,260756.11
2288,1.0373022e+06
2289,510423.12
2290,613373.0
2291,304505.1
2292,696743.7
2293,516598.34
2294,305577.22
2295,250131.66
2296,626756.0
2297,295782.75
2298,291702.72
2299,238841.03
2300,555817.25
2301,284001.72
2302,652435.2
2303,425307.66
2304,442455.8
2305,1.1165276e+06
2306,472839.78
2307,226683.9
2308,1.0138745e+06
2309,1.1850818e+06
2310,286078.5
2311,361738.78
2312,755383.2
2313,439810.56
2314,244180.19
2315,463912.62
2316,981859.25
2317,605745.2
2318,379548.84
2319,586209.1
2320,442807.22
2321,468718.47
2322,843059.2
2323,329455.56
2324,1.3959698e+06
2325,520884.12
2326,316837.8
2327,1.0857188e+06
2328,248044.78
2329,193802.42
2330,433382.03
2331,364199.6
2332,777720.6
2333,209412.55
2334,425631.9
2335,154442.6
2336,271987.12
2337,1.1058815e+06
2338,1.4342076e+06
2339,430304.38
2340,463107.72
2341,240134.62
2342,1.00776775e+06
2343,260681.95
2344,879153.7
2345,526694.44
2346,347912.7
2347,294843.9
2348,1.6285561e+06
2349,273388.88
2350,546636.56
2351,257125.66
2352,429000.6
2353,349498.03
2354,410999.94
2355,466192.38
2356,434181.47
2357,336886.1
2358,283866.94
2359,342923.72
2360,235407.03
2361,455641.94
2362,382047.28
2363,988858.3
2364,558511.8
2365,787127.2
2366,617688.8
2367,883601.56
2368,248415.81
2369,570251.75
2370,317161.75
2371,279762.2
2372,412713.22
2373,998505.94
2374,562169.44
2375,714511.75
2376,1.1705309e+06
2377,754199.7
2378,428711.28
2379,297880.53
2380,313673.88
2381,393422.44
2382,647295.94
2383,1.1812348e+06
2384,217622.73
2385,454441.44
2386,475807.12
2387,416665.6
2388,740978.4
2389,749789.4
2390,320521.94
2391,434935.72
2392,254077.16
2393,344083.44
2394,644554.94
2395,400417.34
2396,430515.62
2397,427228.1
2398,285882.97
2399,738400.94
2400,396538.66
2401,358831.62
2402,266150.75
2403,753632.1
2404,590795.6
2405,361330.56
2406,321155.25
2407,301582.62
2408,649299.2
2409,193549.1
2410,246691.92
2411,309344.8
2412,535195.06
2413,603375.44
2414,337103.66
2415,285596.88
2416,225523.84
2417,462938.75
2418,398045.94
2419,508920.94
2420,432116.6
2421,245729.89
2422,1.5909604e+06
2423,690406.2
2424,304563.78
2425,268280.53
2426,1.2046811e+06
2427,282468.16
2428,293498.25
2429,700926.2
2430,324571.4
2431,347745.0
2432,362665.03
2433,343501.72
2434,175322.83
2435,585218.1
2436,289039.47
2437,343435.4
2438,732167.44
2439,622228.8
2440,666237.7
2441,854281.25
2442,525485.8
2443,410324.06
2444,595261.5
2445,921157.94
2446,318908.12
2447,505163.2
2448,183535.36
2449,563841.4
2450,436678.53
2451,437910.38
2452,408718.88
2453,561416.75
2454,1.1989242e+06
2455,440581.3
2456,274816.12
2457,239628.27
2458,722969.44
2459,299420.6
2460,616552.9
2461,445216.4
2462,908242.6
2463,416246.22
2464,288344.3
2465,361730.12
2466,391967.62
2467,764302.8
2468,243208.69
2469,256316.03
2470,261054.03
2471,289299.6
2472,619957.06
2473,492426.4
2474,462855.1
2475,491933.4
2476,461870.28
2477,507899.0
2478,797869.44
2479,309710.53
2480,237178.69
2481,547971.94
2482,737238.6
2483,426708.16
2484,727612.5
2485,687961.2
2486,504152.12
2487,265645.16
2488,596916.25
2489,552598.5
2490,960469.44
2491,1.0015771e+06
2492,424474.75
2493,316081.9
2494,307125.3
2495,269083.38
2496,785834.94
2497,698292.94
2498,452405.78
2499,672513.06
2500,420175.22
2501,569701.5
2502,509822.38
2503,248597.4
2504,564177.44
2505,3.9911602e+06
2506,561787.94
2507,465707.88
2508,224572.03
2509,252163.92
2510,484259.62
2511,374425.94
2512,350129.75
2513,279977.2
2514,545519.06
2515,621939.2
2516,493627.53
2517,721722.06
2518,771922.2
2519,266092.47
2520,1.2289778e+06
2521,779000.1
2522,384863.16
2523,798785.3
2524,286631.94
2525,437476.16
2526,548532.5
2527,291135.44
2528,353014.72
2529,468417.22
2530,268658.97
2531,761467.56
2532,576943.56
2533,373674.9
2534,1.0309032e+06
2535,306794.9
2536,216535.3
2537,642453.3
2538,1.6077342e+06
2539,276276.16
2540,871312.06
2541,536204.25
2542,708997.94
2543,589901.44
2544,228705.25
2545,538347.5
2546,620168.8
2547,343371.53
2548,1.1582529e+06
2549,189849.2
2550,430072.84
2551,499939.4
2552,444929.0
2553,332485.44
2554,234571.06
2555,257198.88
2556,243660.86
2557,565861.94
2558,264160.34
2559,424022.53
2560,622044.2
2561,393391.38
2562,618841.3
2563,296127.28
2564,313202.8
2565,504573.06
2566,607751.3
2567,665036.6
2568,554755.1
2569,299223.66
2570,510755.7
2571,772564.9
2572,376556.9
2573,216395.95
2574,311858.56
2575,184567.42
2576,715301.44
2577,273144.72
2578,404766.53
2579,278155.12
2580,471000.5
2581,703026.0
2582,690322.0
2583,411019.3
2584,434348.5
2585,662927.1
2586,445515.84
2587,461066.28
2588,575505.5
2589,206784.52
2590,371675.4
2591,387541.62
2592,293112.6
2593,655060.06
2594,760145.06
2595,321164.94
2596,291933.97
2597,468191.34
2598,982391.75
2599,286724.25
2600,465281.22
2601,582822.8
2602,314111.28
2603,170790.33
2604,592138.56
2605,1.7287161e+06
2606,717373.94
2607,289398.2
2608,383524.47
2609,681529.25
2610,1.0912051e+06
2611,590671.56
2612,273227.34
2613,395838.47
2614,304465.34
2615,1.3729265e+06
2616,405083.34
2617,486786.84
2618,508132.5
2619,1.7229141e+06
2620,392589.66
2621,563338.25
2622,744154.94
2623,735814.44
2624,348043.47
2625,1.1778156e+06
2626,330222.16
2627,332279.56
2628,542415.0
2629,339523.88
2630,496544.5
2631,395024.97
2632,378712.7
2633,732840.9
2634,298788.44
2635,324219.56
2636,310606.8
2637,263096.1
2638,338477.94
2639,427077.78
2640,1.9163689e+06
2641,462505.9
2642,220229.94
2643,546160.75
2644,490170.44
2645,222462.23
2646,568328.6
2647,836787.7
2648,295553.75
2649,421001.2
2650,610348.6
2651,324459.2
2652,639191.0
2653,216437.6
2654,2.8442958e+06
2655,300788.6
2656,1.008055e+06
2657,325890.34
2658,548234.94
2659,304604.47
2660,612411.44
2661,478394.8
2662,198603.95
2663,635078.3
2664,640709.06
2665,307423.22
2666,536633.0
2667,320318.38
2668,964593.44
2669,1.1301772e+06
2670,776241.06
2671,220742.53
2672,485233.78
2673,368765.25
2674,406856.97
2675,725481.6
2676,315861.28
2677,735344.6
2678,358386.9
2679,782569.94
2680,570217.2
2681,355678.97
2682,261856.6
2683,223616.52
2684,299851.12
2685,602803.06
2686,463496.62
2687,782041.7
2688,784655.9
2689,627516.7
2690,582397.5
2691,517001.72
2692,249362.27
2693,420590.75
2694,712127.44
2695,624484.6
2696,878670.7
2697,1.473351e+06
2698,377332.06
2699,506397.66
2700,599733.1
2701,349671.97
2702,537408.9
2703,290865.9
2704,744454.25
2705,488276.1
2706,658657.0
2707,472690.56
2708,543183.4
2709,236373.36
2710,512733.88
2711,376541.38
2712,747625.4
2713,289931.06
2714,718140.56
2715,730742.75
2716,754920.9
2717,176099.92
2718,529680.94
2719,499157.12
2720,240645.16
2721,365509.9
2722,505351.6
2723,323094.9
2724,385496.22
2725,489117.22
2726,1.421916e+06
2727,210644.48
2728,383691.03
2729,375756.16
2730,365414.16
2731,326395.1
2732,416267.9
2733,2.7928038e+06
2734,429487.25
2735,604207.75
2736,336653.28
2737,546112.56
2738,286375.94
2739,381913.9
2740,829705.0
2741,684395.2
2742,315914.16
2743,432837.16
2744,305210.75
2745,622594.9
2746,294477.9
2747,532921.75
2748,303792.03
2749,498222.4
2750,265578.5
2751,396709.97
2752,486653.88
2753,957219.25
2754,726004.6
2755,494500.12
2756,246617.98
2757,571682.0
2758,476603.2
2759,585570.6
2760,965114.6
2761,968487.9
2762,286253.25
2763,516340.22
2764,613324.7
2765,684524.06
2766,233395.23
2767,247298.77
2768,448670.1
2769,302211.62
2770,844472.44
2771,337938.4
2772,475100.0
2773,271430.12
2774,701857.1
2775,660172.8
2776,377385.44
2777,414002.34
2778,384894.16
2779,348477.4
2780,341409.75
2781,415208.78
2782,469171.72
2783,626016.06
2784,248502.58
2785,393302.66
2786,1.8295858e+06
2787,321402.53
2788,1.3361299e+06
2789,556453.2
2790,678850.75
2791,432584.22
2792,902281.0
2793,398557.03
2794,791303.4
2795,559404.3
2796,697304.4
2797,910968.2
2798,333686.12
2799,236253.8
2800,434059.44
2801,479162.25
2802,662304.0
2803,557451.0
2804,466656.7
2805,536206.5
2806,164506.19
2807,811686.1
2808,562802.8
2809,1.6609524e+06
2810,811892.0
2811,603509.9
2812,444943.78
2813,566870.1
2814,445782.28
2815,431567.38
2816,681742.9
2817,256315.4
2818,195708.27
2819,208624.9
2820,1.1935854e+06
2821,349342.72
2822,205189.64
2823,337941.56
2824,1.1654342e+06
2825,488308.53
2826,401614.12
2827,1.2859986e+06
2828,527521.2
2829,258844.6
2830,225482.38
2831,1.981608e+06
2832,287426.6
2833,346326.6
2834,298701.2
2835,657753.3
2836,714215.4
2837,695740.7
2838,578568.0
2839,403770.75
2840,365261.53
2841,1.1341712e+06
2842,201753.75
2843,313089.97
2844,231540.53
2845,492962.97
2846,391902.5
2847,432551.44
2848,387239.2
2849,266096.9
2850,611309.06
2851,485324.75
2852,328051.6
2853,220452.69
2854,382880.03
2855,383512.34
2856,562309.44
2857,261701.39
2858,768726.06
2859,276885.38
2860,618255.8
2861,282021.94
2862,477964.56
2863,413567.06
2864,1.242534e+06
2865,285031.12
2866,459481.72
2867,327187.88
2868,680686.44
2869,460328.06
2870,313505.4
2871,508674.5
2872,1.6289242e+06
2873,276524.94
2874,996587.56
2875,229824.33
2876,428213.34
2877,734208.7
2878,641507.6
2879,612446.3
2880,621790.9
2881,695314.3
2882,366919.03
2883,278989.8
2884,540769.8
2885,285019.78
2886,608244.44
2887,261618.48
2888,811812.2
2889,1.04701425e+06
2890,422087.75
2891,143982.81
2892,196958.14
2893,1.129464e+06
2894,240343.72
2895,293599.03
2896,304444.5
2897,406903.75
2898,621553.7
2899,627814.1
2900,406405.2
2901,317191.06
2902,1.3167099e+06
2903,437835.66
2904,359168.3
2905,846093.9
2906,1.4983705e+06
2907,1.3807274e+06
2908,219661.45
2909,556616.44
2910,404221.78
2911,507334.03
2912,463438.03
2913,976799.44
2914,811613.9
2915,556973.8
2916,561492.7
2917,582069.06
2918,362538.94
2919,528247.25
2920,421191.94
2921,492025.4
2922,269731.75
2923,446437.0
2924,488140.94
2925,394463.3
2926,448091.84
2927,543952.75
2928,332440.72
2929,252723.9
2930,523071.16
2931,448508.34
2932,483257.94
2933,421652.66
2934,315953.34
2935,2.316475e+06
2936,952082.5
2937,561577.7
2938,304142.6
2939,512005.2
2940,1.4824202e+06
2941,609046.5
2942,659231.06
2943,479475.3
2944,555386.75
2945,306511.22
2946,276173.44
2947,646078.4
2948,226672.77
2949,211910.6
2950,381513.5
2951,217790.73
2952,1.1335211e+06
2953,840577.44
2954,826916.06
2955,519281.1
2956,532186.7
2957,2.456264e+06
2958,444560.25
2959,553941.1
2960,590146.25
2961,516583.56
2962,581552.5
2963,188754.7
2964,573628.56
2965,531319.94
2966,454750.28
2967,336462.06
2968,645982.2
2969,558760.1
2970,604438.7
2971,416396.94
2972,311487.25
2973,211941.02
2974,373888.3
2975,232959.3
2976,345262.22
2977,172481.12
2978,398005.06
2979,198202.27
2980,693430.2
2981,668589.8
2982,214339.4
2983,653558.06
2984,277526.94
2985,276444.4
2986,226993.23
2987,509786.62
2988,731407.75
2989,605737.7
2990,750032.06
2991,1.0699305e+06
2992,891166.3
2993,785796.7
2994,324751.16
2995,456189.22
2996,473603.94
2997,493792.72
2998,996653.1
2999,485643.94
3000,117965.375
3001,297165.25
3002,326690.8
3003,574971.5
3004,261650.44
3005,595307.94
3006,380225.0
3007,700654.1
3008,435320.38
3009,539317.06
3010,329111.3
3011,638593.5
3012,404548.66
3013,225197.28
3014,859142.4
3015,497933.8
3016,576971.75
3017,257861.7
3018,480691.22
3019,2.4329368e+06
3020,484011.5
3021,340686.2
3022,671593.06
3023,419582.3
3024,239819.34
3025,559613.75
3026,300472.66
3027,366735.16
3028,646928.94
3029,192802.89
3030,281436.84
3031,392159.66
3032,330323.72
3033,303764.78
3034,309760.62
3035,238902.88
3036,742443.2
3037,474967.7
3038,609894.4
3039,424391.3
3040,355004.2
3041,392157.53
3042,388058.3
3043,1.5376238e+06
3044,340803.6
3045,390234.1
3046,281869.12
3047,507797.97
3048,833177.94
3049,448206.8
3050,398927.5
3051,225841.14
3052,977085.44
3053,510118.94
3054,233790.6
3055,234357.94
3056,403949.62
3057,738036.94
3058,582794.25
3059,448266.22
3060,598042.3
3061,155911.88
3062,253777.12
3063,215454.72
3064,304751.47
3065,369641.1
3066,549984.6
3067,868244.75
3068,599678.3
3069,937517.94
3070,466880.8
3071,977937.5
3072,509788.1
3073,347194.7
3074,550747.1
3075,218401.77
3076,848791.75
3077,387529.12
3078,406406.97
3079,442296.66
3080,438855.16
3081,419274.88
3082,2.2611448e+06
3083,1.2579441e+06
3084,945737.06
3085,881531.3
3086,482729.4
3087,551615.56
3088,1.9403165e+06
3089,653844.9
3090,440012.5
3091,370113.12
3092,311596.03
3093,538895.2
3094,380579.0
3095,2.25685e+06
3096,673275.9
3097,900873.25
3098,380714.22
3099,342664.0
3100,253811.84
3101,213821.56
3102,711878.56
3103,620323.44
3104,596014.0
3105,704466.75
3106,480005.94
3107,901549.2
3108,476978.03
3109,277564.8
3110,845254.5
3111,245672.98
3112,870621.94
3113,587815.75
3114,396261.38
3115,396388.47
3116,408624.16
3117,296114.8
3118,2.3096645e+06
3119,400748.22
3120,276999.44
3121,293968.9
3122,284647.62
3123,452014.0
3124,267824.03
3125,274588.84
3126,306708.38
3127,423393.1
3128,357398.47
3129,350157.53
3130,307084.03
3131,586579.25
3132,581383.56
3133,192174.2
3134,520931.44
3135,896317.75
3136,325526.22
3137,632502.0
3138,318007.88
3139,1.0344558e+06
3140,542014.44
3141,313242.1
3142,536621.2
3143,431388.53
3144,1.3409151e+06
3145,335234.56
3146,600169.25
3147,403161.66
3148,502224.6
3149,349389.1
3150,231730.28
3151,1.2817092e+06
3152,418483.62
3153,925839.25
3154,523483.22
3155,376537.44
3156,506523.5
3157,626844.7
3158,516076.16
3159,214485.62
3160,181893.92
3161,248220.72
3162,644126.44
3163,626717.56
3164,335589.66
3165,282181.6
3166,275149.75
3167,203473.69
3168,3.0123895e+06
3169,345207.75
3170,336303.66
3171,778197.2
3172,468902.34
3173,202953.47
3174,280843.44
3175,719177.6
3176,2.8000078e+06
3177,902088.2
3178,521359.38
3179,823188.5
3180,1.8303548e+06
3181,2.9372465e+06
3182,463508.16
3183,463932.88
3184,558703.9
3185,233310.4
3186,317246.9
3187,479643.47
3188,796997.4
3189,224193.1
3190,677812.9
3191,451104.6
3192,1.04720625e+06
3193,2.4595112e+06
3194,653860.2
3195,2.9058452e+06
3196,184591.4
3197,917929.4
3198,1.1220576e+06
3199,433715.12
3200,485019.12
3201,730738.9
3202,544519.4
3203,278594.1
3204,1.0877045e+06
3205,321795.97
3206,238072.67
3207,655968.9
3208,1.1274642e+06
3209,458688.62
3210,282592.47
3211,496304.7
3212,586446.56
3213,509322.3
3214,280273.53
3215,211383.56
3216,978909.75
3217,603603.94
3218,452172.25
3219,515397.66
3220,529138.2
3221,317787.8
3222,276856.06
3223,381264.25
3224,303981.22
3225,446089.9
3226,736739.25
3227,277856.06
3228,337591.1
3229,596463.6
3230,315756.03
3231,1.1744715e+06
3232,415622.53
3233,475800.44
3234,624420.06
3235,969773.75
3236,327311.16
3237,725147.8
3238,513615.22
3239,202033.72
3240,289310.3
3241,355423.97
3242,496670.97
3243,171599.52
3244,205419.14
3245,371413.38
3246,379739.44
3247,402073.78
3248,429950.28
3249,354020.72
3250,566538.7
3251,544413.0
3252,451295.47
3253,718727.56
3254,418349.72
3255,640735.25
3256,423557.4
3257,349538.28
3258,322188.34
3259,557982.1
3260,493195.47
3261,427085.62
3262,393785.3
3263,384621.56
3264,354010.56
3265,1.3818764e+06
3266,502266.8
3267,541584.1
3268,578431.6
3269,640261.25
3270,303430.34
3271,304484.25
3272,382032.72
3273,401879.44
3274,1.3249866e+06
3275,5.0391515e+06
3276,452911.1
3277,211928.75
3278,519585.4
3279,362176.88
3280,1.0122378e+06
3281,324844.12
3282,192106.33
3283,800100.0
3284,524573.5
3285,339396.88
3286,643098.4
3287,294644.28
3288,327371.75
3289,1.7873332e+06
3290,274241.47
3291,288923.84
3292,253585.7
3293,648299.8
3294,406786.72
3295,926501.3
3296,477034.6
3297,405666.9
3298,331354.5
3299,270693.7
3300,323171.06
3301,596773.8
3302,455808.6
3303,890018.6
3304,791044.0
3305,571532.8
3306,581810.06
3307,1.0787038e+06
3308,1.285524e+06
3309,867384.0
3310,681442.9
3311,437845.1
3312,1.0188748e+06
3313,261303.1
3314,572543.25
3315,793649.7
3316,1.6895442e+06
3317,486468.16
3318,350138.66
3319,318983.6
3320,260532.77
3321,307572.47
3322,450554.34
3323,750674.9
3324,331373.72
3325,393612.5
3326,1.2468332e+06
3327,442701.78
3328,330659.5
3329,251108.77
3330,399729.25
3331,492126.78
3332,387374.4
3333,208077.89
3334,268088.84
3335,971194.8
3336,659666.1
3337,552785.8
3338,1.2421286e+06
3339,413961.84
3340,495589.0
3341,400579.0
3342,507178.25
3343,361238.9
3344,652663.75
3345,208304.47
3346,1.2736109e+06
3347,852775.25
3348,245106.61
3349,271810.53
3350,663986.8
3351,1.0377808e+06
3352,261784.92
3353,519029.47
3354,574330.2
3355,361467.28
3356,346437.22
3357,963766.56
3358,625870.2
3359,457897.3
3360,217402.64
3361,401806.56
3362,246157.89
3363,416448.62
3364,311779.62
3365,406945.22
3366,244077.62
3367,541326.7
3368,292245.5
3369,651732.5
3370,1.2700505e+06
3371,612326.0
3372,861618.0
3373,227167.11
3374,797421.6
3375,380279.53
3376,384457.06
3377,434665.4
3378,594625.8
3379,566992.94
3380,547125.9
3381,420018.84
3382,588934.8
3383,334239.34
3384,667524.75
3385,495570.38
3386,537843.94
3387,407772.2
3388,907462.2
3389,1.4670414e+06
3390,420609.8
3391,328677.25
3392,1.1273908e+06
3393,315153.34
3394,382650.75
3395,426366.28
3396,704186.0
3397,467976.34
3398,332129.8
3399,512615.8
3400,508524.22
3401,230922.03
3402,287772.25
3403,333190.0
3404,753118.3
3405,609998.6
3406,685750.1
3407,239825.19
3408,490190.0
3409,629151.2
3410,523036.03
3411,420692.12
3412,405687.4
3413,364029.84
3414,478258.5
3415,540540.75
3416,506879.12
3417,282351.1
3418,414086.4
3419,185187.62
3420,470419.12
3421,430913.8
3422,342105.8
3423,516154.4
3424,666683.6
3425,1.4941312e+06
3426,610966.4
3427,410749.25
3428,1.3850231e+06
3429,191750.39
3430,165584.66
3431,782929.5
3432,364712.8
3433,211159.92
3434,523019.03
3435,197152.95
3436,245532.03
3437,300960.53
3438,283464.0
3439,450931.0
3440,357271.03
3441,358297.3
3442,411287.78
3443,450514.66
3444,470327.66
3445,392953.88
3446,413008.66
3447,326034.72
3448,514419.4
3449,600247.2
3450,384481.06
3451,833981.2
3452,1.6030346e+06
3453,707247.44
3454,267341.4
3455,491830.9
3456,246506.23
3457,334400.28
3458,687705.25
3459,304843.12
3460,197519.2
3461,714214.25
3462,255288.62
3463,929313.2
3464,171308.42
3465,388803.4
3466,385934.3
3467,483394.84
3468,356781.12
3469,495427.56
3470,221600.53
3471,1.7618285e+06
3472,721055.25
3473,343690.28
3474,1.2308146e+06
3475,633354.6
3476,460425.47
3477,395153.56
3478,451932.25
3479,474113.34
3480,1.02185456e+06
3481,624892.94
3482,356560.3
3483,618878.7
3484,355430.6
3485,298494.06
3486,626615.3
3487,526587.56
3488,326120.8
3489,230871.6
3490,801893.25
3491,317798.7
3492,618753.25
3493,676309.0
3494,946822.44
3495,659290.6
3496,536503.44
3497,724033.9
3498,554715.2
3499,348240.66
3500,745976.44
3501,257476.98
3502,250619.27
3503,527724.4
3504,479452.2
3505,621316.4
3506,1.1687599e+06
3507,649867.8
3508,557883.5
3509,1.2202841e+06
3510,848450.4
3511,1.444034e+06
3512,586414.4
3513,277425.56
3514,301131.94
3515,334631.16
3516,293759.7
3517,331885.78
3518,1.5880405e+06
3519,271148.53
3520,334490.06
3521,388040.5
3522,683639.5
3523,378821.97
3524,872560.1
3525,336305.7
3526,467589.44
3527,524010.78
3528,306215.38
3529,454942.3
3530,932171.6
3531,378162.12
3532,213581.4
3533,421872.88
3534,344620.94
3535,570069.44
3536,464296.3
3537,929300.4
3538,1.5173114e+06
3539,580424.56
3540,763566.1
3541,234885.84
3542,570718.1
3543,368863.0
3544,287346.84
3545,347410.9
3546,285608.78
3547,380216.97
3548,545904.6
3549,604241.44
3550,199779.62
3551,251190.27
3552,493360.5
3553,504470.94
3554,1.0713766e+06
3555,342449.9
3556,463716.88
3557,290292.12
3558,364957.88
3559,421409.75
3560,379950.97
3561,305026.44
3562,361359.75
3563,371764.38
3564,617553.06
3565,431835.38
3566,442713.2
3567,401078.03
3568,334894.28
3569,408950.56
3570,391040.2
3571,519780.34
3572,510074.78
3573,764008.1
3574,492299.9
3575,439136.03
3576,344785.16
3577,392980.3
3578,366679.88
3579,462212.9
3580,327265.47
3581,493582.66
3582,602741.4
3583,248867.4
3584,445813.6
3585,502831.94
3586,1.00832294e+06
3587,313607.06
3588,717686.3
3589,391971.16
3590,296379.1
3591,329725.7
3592,404909.8
3593,637479.0
3594,377048.8
3595,529538.56
3596,315357.56
3597,733381.56
3598,481367.4
3599,415383.22
3600,256145.73
3601,379370.84
3602,234413.27
3603,807929.44
3604,471046.1
3605,470306.97
3606,307836.75
3607,776827.94
3608,240381.48
3609,341144.22
3610,276815.62
3611,1.4824206e+06
3612,1.1520646e+06
3613,715383.9
3614,352347.12
3615,657229.56
3616,340079.56
3617,229192.28
3618,828344.7
3619,660892.4
3620,615385.56
3621,240277.92
3622,492971.62
3623,284705.12
3624,449556.22
3625,226088.6
3626,555670.25
3627,484022.72
3628,208099.72
3629,185420.69
3630,479360.44
3631,457482.84
3632,306911.38
3633,534577.6
3634,231442.97
3635,362627.38
3636,469919.88
3637,617093.0
3638,323775.44
3639,725183.94
3640,229077.92
3641,334823.16
3642,339854.3
3643,464426.6
3644,582111.2
3645,689642.75
3646,297064.34
3647,353930.94
3648,495805.22
3649,680326.6
3650,536292.06
3651,360050.03
3652,306894.88
3653,599126.5
3654,500988.28
3655,625959.3
3656,212200.28
3657,393772.9
3658,311452.22
3659,629312.3
3660,349386.72
3661,381703.28
3662,453430.53
3663,545699.75
3664,551763.5
3665,321323.12
3666,282426.44
3667,690052.2
3668,1.2348475e+06
3669,595575.3
3670,1.2916424e+06
3671,667029.0
3672,600497.0
3673,1.3733124e+06
3674,320811.03
3675,491298.84
3676,633955.6
3677,562980.56
3678,704212.2
3679,439326.38
3680,876946.44
3681,650146.5
3682,558681.44
3683,406655.38
3684,339324.38
3685,375543.62
3686,514397.25
3687,514661.12
3688,318418.84
3689,231369.28
3690,244377.27
3691,1.2103038e+06
3692,304555.8
3693,293478.3
3694,334046.97
3695,416797.88
3696,1.4513514e+06
3697,663060.7
3698,306509.0
3699,893876.8
3700,266014.53
3701,712555.9
3702,296382.88
3703,398224.75
3704,449869.97
3705,747916.0
3706,619208.94
3707,392534.9
3708,734146.5
3709,368344.7
3710,992560.6
3711,763437.25
3712,591194.6
3713,236272.3
3714,379094.84
3715,430052.72
3716,230486.72
3717,645145.8
3718,666220.94
3719,2.5348665e+06
3720,378616.3
3721,491821.6
3722,381200.56
3723,435140.34
3724,430769.47
3725,520467.28
3726,486422.53
3727,202438.03
3728,307769.94
3729,803902.2
3730,231734.61
3731,430248.44
3732,387711.16
3733,505455.12
3734,573679.44
3735,510228.72
3736,424404.7
3737,206266.77
3738,544136.9
3739,560487.75
3740,512554.2
3741,709149.2
3742,355254.0
3743,491955.12
3744,503912.66
3745,234931.52
3746,1.3048288e+06
3747,290950.03
3748,108651.91
3749,432654.75
3750,2.545635e+06
3751,203733.84
3752,307379.56
3753,459876.5
3754,273796.62
3755,516970.16
3756,626263.56
3757,2.7437855e+06
3758,244748.56
3759,387260.84
3760,455341.62
3761,380218.97
3762,492225.78
3763,481862.94
3764,539458.3
3765,357733.06
3766,254070.16
3767,317851.78
3768,808592.8
3769,718090.56
3770,281152.84
3771,184215.39
3772,515821.97
3773,414439.28
3774,1.3215342e+06
3775,243053.19
3776,704099.06
3777,501853.38
3778,335585.12
3779,209496.08
3780,1.0263745e+06
3781,577929.06
3782,582487.9
3783,456815.47
3784,240268.11
3785,488061.78
3786,416230.4
3787,2.8391462e+06
3788,658820.1
3789,883121.5
3790,361962.66
3791,744867.8
3792,644853.3
3793,293244.53
3794,291408.1
3795,613486.8
3796,299036.47
3797,244364.84
3798,504905.5
3799,387275.8
3800,841313.5
3801,262269.53
3802,602072.4
3803,313092.7
3804,549626.9
3805,277078.6
3806,408311.47
3807,455676.25
3808,562489.6
3809,444469.88
3810,703573.56
3811,359492.9
3812,532569.06
3813,352582.34
3814,376791.75
3815,629525.8
3816,435796.12
3817,235087.66
3818,498667.16
3819,450343.5
3820,424073.16
3821,439845.28
3822,399043.9
3823,406326.97
3824,1.0403518e+06
3825,541383.1
3826,622021.75
3827,206983.83
3828,228129.94
3829,606616.3
3830,1.7073556e+06
3831,305149.3
3832,959522.25
3833,2.6548832e+06
3834,1.2601862e+06
3835,237931.84
3836,256893.55
3837,438814.2
3838,501296.47
3839,349005.06
3840,641322.9
3841,273135.88
3842,251313.1
3843,614096.44
3844,314252.75
3845,528488.75
3846,253766.81
3847,238434.58
3848,513499.3
3849,846427.75
3850,591342.1
3851,324293.94
3852,619271.8
3853,258705.25
3854,617283.94
3855,488915.72
3856,468602.03
3857,378029.38
3858,406222.62
3859,425939.1
3860,366918.66
3861,904142.4
3862,552615.5
3863,331261.7
3864,1.6646706e+06
3865,789283.5
3866,488617.44
3867,363019.5
3868,352298.03
3869,500315.38
3870,674444.0
3871,441741.9
3872,435361.75
3873,368004.03
3874,1.6397059e+06
3875,418481.2
3876,470122.72
3877,410164.25
3878,341718.06
3879,318127.97
3880,659534.56
3881,678305.5
3882,204074.11
3883,766500.25
3884,772040.9
3885,391963.5
3886,303819.0
3887,437684.22
3888,593931.25
3889,272343.2
3890,269231.28
3891,869099.25
3892,251477.6
3893,584290.4
3894,315843.3
3895,573613.25
3896,314909.3
3897,193923.6
3898,787438.5
3899,587319.56
3900,829097.7
3901,245320.73
3902,233258.0
3903,3.255124e+06
3904,862784.94
3905,225744.69
3906,220563.16
3907,509762.3
3908,588223.7
3909,377820.62
3910,227033.23
3911,352981.4
3912,636659.4
3913,307226.56
3914,297792.4
3915,924725.0
3916,428532.25
3917,535121.1
3918,206617.8
3919,468854.72
3920,287219.94
3921,446266.75
3922,541909.44
3923,448530.1
3924,407817.2
3925,727269.56
3926,412253.22
3927,417852.1
3928,1.2349636e+06
3929,407281.56
3930,380382.16
3931,502595.12
3932,224699.84
3933,361195.3
3934,405390.44
3935,1.7260741e+06
3936,374570.5
3937,531429.2
3938,576002.5
3939,551184.06
3940,538599.1
3941,603209.9
3942,582931.7
3943,698670.56
3944,1.7103871e+06
3945,845270.2
3946,567258.6
3947,1.9642705e+06
3948,637255.7
3949,468093.97
3950,255109.25
3951,1.2211715e+06
3952,277957.22
3953,614895.9
3954,414999.28
3955,747687.2
3956,1.6731895e+06
3957,264237.12
3958,878579.0
3959,557217.56
3960,578658.75
3961,473019.75
3962,278561.22
3963,251553.45
3964,292827.03
3965,623683.56
3966,1.734509e+06
3967,702447.6
3968,530404.9
3969,471402.34
3970,373396.12
3971,409024.88
3972,261067.19
3973,364128.16
3974,450658.16
3975,763033.3
3976,962346.9
3977,346482.4
3978,360852.78
3979,718412.7
3980,403585.4
3981,284084.0
3982,344225.5
3983,775423.9
3984,467969.44
3985,382660.97
3986,362021.28
3987,510749.72
3988,390931.3
3989,1.00354225e+06
3990,725764.9
3991,206001.69
3992,847544.8
3993,1.1230454e+06
3994,372232.4
3995,313928.62
3996,301622.25
3997,196701.47
3998,974440.56
3999,1.7710912e+06
4000,755488.0
4001,636484.4
4002,292995.72
4003,333859.5
4004,400798.62
4005,238994.88
4006,442812.97
4007,316305.5
4008,300326.97
4009,368423.47
4010,413408.75
4011,782904.56
4012,580318.06
4013,304801.56
4014,430833.06
4015,397869.5
4016,249250.08
4017,465805.0
4018,199504.19
4019,352067.38
4020,521063.7
4021,318669.25
4022,649349.25
4023,744730.1
4024,411146.53
4025,833112.75
4026,446713.78
4027,626782.06
4028,563145.1
4029,660025.94
4030,506366.1
4031,410046.28
4032,376654.16
4033,204323.34
4034,254359.3
4035,540404.6
4036,214320.9
4037,549497.94
4038,470133.4
4039,692650.3
4040,331739.47
4041,162659.03
4042,499603.97
4043,159975.23
4044,1.1906812e+06
4045,431604.53
4046,341407.12
4047,282111.75
4048,561958.5
4049,620163.8
4050,535074.1
4051,658359.25
4052,533894.06
4053,640871.44
4054,683748.94
4055,359688.16
4056,252170.44
4057,680372.56
4058,893535.75
4059,446953.3
4060,267149.56
4061,1.3700006e+06
4062,486512.16
4063,282765.38
4064,196126.62
4065,463972.03
4066,371398.62
4067,328757.5
4068,793042.5
4069,447581.16
4070,531361.06
4071,753723.75
4072,331677.44
4073,294859.28
4074,1.1254184e+06
4075,506764.47
4076,288166.3
4077,748832.4
4078,560064.0
4079,513721.88
4080,426873.66
4081,391798.66
4082,654550.8
4083,458722.1
4084,915702.3
4085,583646.4
4086,457373.6
4087,691006.56
4088,553925.3
4089,458802.06
4090,285924.9
4091,310314.2
4092,654650.94
4093,274377.72
4094,688341.6
4095,778156.25
4096,318796.3
4097,359863.12
4098,581376.25
4099,224742.42
4100,796178.7
4101,1.8863338e+06
4102,1.3343755e+06
4103,446353.03
4104,702098.3
4105,571358.0
4106,417916.97
4107,770929.0
4108,1.1728836e+06
4109,436398.06
4110,544757.75
4111,668047.4
4112,261126.67
4113,556035.5
4114,1.2968249e+06
4115,331259.62
4116,373275.4
4117,271041.72
4118,440868.66
4119,561357.5
4120,633389.9
4121,759009.1
4122,216962.92
4123,278611.25
4124,446826.72
4125,1.00611994e+06
4126,614499.6
4127,489338.1
4128,878779.1
4129,553577.9
4130,506615.38
4131,775161.1
4132,323258.3
4133,427453.8
4134,253724.6
4135,473752.25
4136,236141.61
4137,583116.56
4138,455676.8
4139,257250.67
4140,493782.6
4141,348950.53
4142,391030.5
4143,958177.44
4144,393773.3
4145,354209.0
4146,468285.1
4147,871160.3
4148,1.2251489e+06
4149,488287.56
4150,677944.2
4151,837683.6
4152,610709.2
4153,518371.34
4154,761504.8
4155,504006.53
4156,468980.0
4157,493982.66
4158,472855.28
4159,695742.3
4160,183839.62
4161,441489.1
4162,345298.8
4163,488181.84
4164,226584.83
4165,1.0325602e+06
4166,213919.78
4167,491792.12
4168,318053.03
4169,515400.03
4170,455543.06
4171,480100.1
4172,256034.94
4173,778474.06
4174,483347.94
4175,1.5385816e+06
4176,657874.6
4177,4.432513e+06
4178,1.0225798e+06
4179,334173.34
4180,593472.4
4181,587866.6
4182,717029.3
4183,311315.25
4184,336333.72
4185,669761.44
4186,444493.44
4187,560970.1
4188,1.452733e+06
4189,311853.78
4190,727376.2
4191,311328.03
4192,194551.78
4193,484733.5
4194,740759.0
4195,619065.2
4196,216215.14
4197,566197.06
4198,246955.34
4199,701529.06
4200,368627.3
4201,301388.22
4202,521810.1
4203,429698.97
4204,373565.06
4205,462242.84
4206,668881.1
4207,332060.2
4208,644902.25
4209,728104.94
4210,458857.0
4211,960369.56
4212,496088.0
4213,468728.53
4214,526513.75
4215,641161.25
4216,225391.19
4217,4.685951e+06
4218,502647.9
4219,504136.22
4220,335284.7
4221,328135.44
4222,638538.56
4223,559644.5
4224,347080.44
4225,784514.06
4226,1.1845415e+06
4227,1.7911755e+06
4228,235888.16
4229,400979.1
4230,1.2494461e+06
4231,2.5411958e+06
4232,364268.62
4233,243746.77
4234,380675.12
4235,409045.53
4236,529383.1
4237,234872.64
4238,367381.66
4239,800455.9
4240,632605.5
4241,761968.5
4242,587817.25
4243,243207.52
4244,796760.44
4245,669484.56
4246,276080.7
4247,462117.2
4248,588386.3
4249,235866.02
4250,464321.97
4251,1.0207094e+06
4252,441073.84
4253,741083.4
4254,358651.7
4255,525788.75
4256,308267.8
4257,725482.3
4258,561658.44
4259,804673.8
4260,663512.44
4261,342028.38
4262,1.1547461e+06
4263,313317.66
4264,247419.72
4265,692640.9
4266,383154.94
4267,660308.6
4268,681934.3
4269,834799.5
4270,199136.16
4271,262862.7
4272,1.2277968e+06
4273,412986.62
4274,424002.9
4275,290313.53
4276,612439.8
4277,419440.0
4278,402322.72
4279,341889.72
4280,264901.84
4281,326486.62
4282,284808.4
4283,1.4696448e+06
4284,545160.0
4285,342559.6
4286,673583.94
4287,512137.84
4288,195296.78
4289,410577.22
4290,338028.56
4291,366741.44
4292,488470.78
4293,280385.25
4294,458071.25
4295,627973.2
4296,266346.25
4297,1.201024e+06
4298,338883.94
4299,608325.44
4300,328588.8
4301,189487.19
4302,581543.2
4303,372835.1
4304,246857.08
4305,370696.88
4306,613392.4
4307,393521.1
4308,952788.4
4309,225723.66
4310,318783.9
4311,670537.5
4312,352945.9
4313,335474.78
4314,251664.62
4315,570016.56
4316,210744.81
4317,1.3366984e+06
4318,352642.25
4319,677246.2
4320,309033.88
4321,586214.06
4322,331825.44
4323,333688.34
4324,266767.2
4325,207840.77
4326,292617.44
4327,443672.1
4328,515532.4
4329,454815.72
4330,811584.75
4331,577624.94
4332,289608.47
4333,245789.72
4334,311908.4
4335,271360.28
4336,207243.25
4337,307901.28
4338,285216.2
4339,427585.53
4340,1.2095979e+06
4341,357707.84
4342,326721.97
4343,798776.75
4344,542393.0
4345,380061.12
4346,257905.83
4347,1.0861351e+06
4348,462827.56
4349,787161.1
4350,648504.7
4351,560601.94
4352,279224.97
4353,460788.75
4354,1.1107238e+06
4355,268856.34
4356,241598.55
4357,474233.56
4358,929310.06
4359,829548.25
4360,511437.62
4361,284435.5
4362,482895.97
4363,694006.6
4364,337338.9
4365,387551.9
4366,346554.66
4367,431789.88
4368,536023.56
4369,982455.4
4370,780296.56
4371,560784.0
4372,676179.56
4373,552263.1
4374,1.01574525e+06
4375,344314.12
4376,280490.53
4377,567717.3
4378,394735.03
4379,259396.16
4380,337393.5
4381,338245.72
4382,331931.72
4383,814550.2
4384,1.2177644e+06
4385,769965.7
4386,552016.75
4387,295967.12
4388,945593.2
4389,349646.6
4390,516833.72
4391,325427.94
4392,513012.7
4393,632931.6
4394,419335.22
4395,483676.03
4396,569619.1
4397,383854.22
4398,321826.47
4399,531305.0
4400,345955.34
4401,566034.1
4402,621776.8
4403,867388.3
4404,525131.5
4405,360307.2
4406,178861.19
4407,360194.25
4408,909413.2
4409,302597.44
4410,215682.78
4411,195455.12
4412,284654.94
4413,482795.28
4414,337914.6
4415,566485.3
4416,243969.72
4417,388893.47
4418,363315.8
4419,1.4472605e+06
4420,408321.7
4421,436499.03
4422,449968.84
4423,235533.84
4424,355095.03
4425,738090.2
4426,632461.56
4427,553008.25
4428,328889.94
4429,282875.94
4430,420246.16
4431,463218.0
4432,640202.75
4433,385653.16
4434,1.5370159e+06
4435,290560.38
4436,609232.56
4437,256592.73
4438,186717.75
4439,305086.7
4440,785400.56
4441,1.0951292e+06
4442,435706.25
4443,227525.36
4444,578225.44
4445,437652.44
4446,255741.89
4447,901379.8
4448,365723.03
4449,291963.56
4450,561836.1
4451,263251.6
4452,247108.6
4453,357916.72
4454,312925.78
4455,261587.69
4456,550423.2
4457,767133.56
4458,877663.6
4459,608745.0
4460,716447.4
4461,277961.4
4462,619824.0
4463,376255.34
4464,414904.12
4465,304310.1
4466,294738.2
4467,410787.53
4468,837491.0
4469,648266.75
4470,290302.47
4471,486758.7
4472,864433.6
4473,906515.75
4474,838670.94
4475,260742.22
4476,766548.8
4477,210032.88
4478,790442.9
4479,457424.78
4480,390668.84
4481,381205.7
4482,841887.8
4483,858905.75
4484,799861.1
4485,343466.62
4486,321482.1
4487,329968.78
4488,202199.22
4489,540989.1
4490,259606.38
4491,281837.66
4492,1.1346249e+06
4493,416498.2
4494,341481.3
4495,976073.4
4496,535840.7
4497,410272.34
4498,420443.5
4499,715401.9
4500,342362.66
4501,1.3046992e+06
4502,400600.84
4503,594836.44
4504,324660.7
4505,317468.5
4506,853851.06
4507,509107.44
4508,452244.53
4509,343703.03
4510,645707.5
4511,508428.78
4512,510895.53
4513,633790.5
4514,739665.3
4515,206568.72
4516,228713.81
4517,1.0695842e+06
4518,636143.6
4519,719589.8
4520,335124.6
4521,257635.95
4522,246954.7
4523,341078.56
4524,362195.94
4525,319092.28
4526,302838.28
4527,832150.06
4528,635017.0
4529,315988.06
4530,3.2856165e+06
4531,699513.75
4532,640535.4
4533,493423.84
4534,357480.62
4535,375660.66
4536,233743.27
4537,632351.2
4538,357646.62
4539,2.0335748e+06
4540,428108.53
4541,725766.75
4542,850013.6
4543,355692.84
4544,951650.94
4545,201750.11
4546,267963.5
4547,374832.47
4548,463693.22
4549,744187.3
4550,433915.47
4551,378900.4
4552,452787.22
4553,280627.6
4554,411728.03
4555,1.3394289e+06
4556,748407.0
4557,297658.6
4558,210955.66
4559,252160.78
4560,213869.6
4561,758285.1
4562,678129.75
4563,991177.0
4564,1.2211686e+06
4565,589540.4
4566,725665.2
4567,426236.84
4568,458017.34
4569,681847.9
4570,1.3864912e+06
4571,195394.77
4572,1.2300435e+06
4573,471293.84
4574,321349.47
4575,275838.3
4576,689432.5
4577,536553.75
4578,329691.1
4579,257442.45
4580,366479.62
4581,272827.1
4582,754987.0
4583,1.1769802e+06
4584,745814.3
4585,190423.47
4586,1.2291344e+06
4587,477460.38
4588,338086.6
4589,1.3825372e+06
4590,342312.62
4591,543714.44
4592,528426.2
4593,413261.2
4594,464892.28
4595,258953.77
4596,374263.22
4597,417019.3
4598,641716.06
4599,550147.2
4600,299767.12
4601,668139.4
4602,358245.16
4603,301573.9
4604,326148.94
4605,1.1219385e+06
4606,284117.28
4607,417875.1
4608,213267.44
4609,311959.47
4610,470323.25
4611,308119.03
4612,1.1529231e+06
4613,242566.64
4614,194007.6
4615,613689.7
4616,454038.0
4617,326952.4
4618,372650.72
4619,424475.6
4620,572469.25
4621,512549.5
4622,241843.06
4623,681300.3
4624,230683.28
4625,298430.38
4626,424026.84
4627,273639.56
4628,347077.25
4629,192733.55
4630,700276.06
4631,420354.22
4632,426198.84
4633,504360.66
4634,845697.1
4635,557926.1
4636,894642.8
4637,954474.3
4638,314816.66
4639,458139.44
4640,367014.38
4641,521203.0
4642,584674.56
4643,355275.3
4644,586758.56
4645,431950.44
4646,365744.88
4647,482593.38
4648,226357.53
4649,377244.22
4650,328171.62
4651,1.2705435e+06
4652,339917.72
4653,264240.47
4654,922351.3
4655,327788.84
4656,406854.0
4657,476309.66
4658,607957.25
4659,757795.06
4660,1.7649448e+06
4661,219398.02
4662,480398.28
4663,423774.94
4664,540024.94
4665,1.4856544e+06
4666,1.5643441e+06
4667,491569.84
4668,261393.72
4669,272128.47
4670,586671.6
4671,729688.44
4672,679244.06
4673,243627.12
4674,783996.3
4675,538478.1
4676,880114.7
4677,477175.4
4678,229989.84
4679,419199.53
4680,593309.1
4681,508542.16
4682,788979.3
4683,224761.86
4684,376431.4
4685,277826.3
4686,337933.72
4687,294100.34
4688,964701.2
4689,283887.97
4690,481169.34
4691,880819.8
4692,584676.94
4693,440021.97
4694,223457.39
4695,272100.44
4696,522189.06
4697,187328.78
4698,288357.12
4699,748482.44
4700,474163.38
4701,384936.88
4702,583406.94
4703,331902.84
4704,315781.75
4705,259932.86
4706,489777.38
4707,1.2247249e+06
4708,717721.6
4709,457877.6
4710,244401.84
4711,327161.72
4712,261335.55
4713,433003.34
4714,371291.66
4715,396860.56
4716,580159.1
4717,743530.56
4718,690326.7
4719,786139.06
4720,299156.47
4721,528590.1
4722,269433.2
4723,367386.06
4724,588525.06
4725,373181.12
4726,344062.78
4727,984551.8
4728,939930.9
4729,557880.3
4730,938694.25
4731,419558.47
4732,447993.12
4733,318259.5
4734,360597.12
4735,323594.22
4736,429990.47
4737,433062.1
4738,292874.56
4739,412169.2
4740,442338.0
4741,241041.98
4742,275798.12
4743,386719.12
4744,388017.97
4745,187578.75
4746,327376.97
4747,475662.88
4748,372319.94
4749,776619.06
4750,350445.16
4751,198439.5
4752,663001.3
4753,344812.44
4754,377145.4
4755,719263.25
4756,421479.16
4757,412805.1
4758,411732.47
4759,274222.72
4760,346608.72
4761,376133.38
4762,572560.1
4763,240385.69
4764,594199.0
4765,601479.4
4766,462542.0
4767,258955.22
4768,2.6577035e+06
4769,427952.53
4770,327517.34
4771,857601.25
4772,877595.44
4773,1.0651961e+06
4774,699145.7
4775,350572.0
4776,412967.28
4777,247719.8
4778,402241.2
4779,317318.56
4780,631970.2
4781,340623.4
4782,328055.94
4783,1.5876672e+06
4784,447487.5
4785,261788.89
4786,476972.47
4787,548868.8
4788,213375.55
4789,409091.34
4790,268190.8
4791,681095.06
4792,681052.4
4793,311730.72
4794,307893.78
4795,367775.0
4796,420751.44
4797,810500.4
4798,369908.34
4799,392447.12
4800,900908.94
4801,865597.1
4802,2.5304802e+06
4803,230762.27
4804,741028.3
4805,261715.9
4806,389003.9
4807,444075.38
4808,592363.4
4809,249354.19
4810,399563.72
4811,502035.3
4812,514853.16
4813,513480.4
4814,355218.84
4815,825919.75
4816,507301.4
4817,664051.5
4818,389973.9
4819,409828.2
4820,636250.75
4821,522767.16
4822,242227.48
4823,685498.75
4824,250384.14
4825,310480.84
4826,533598.44
4827,513823.47
4828,364057.4
4829,739408.6
4830,179002.78
4831,774777.06
4832,406575.25
4833,849094.56
4834,776747.4
4835,980764.9
4836,683394.25
4837,394368.62
4838,262348.44
4839,561498.6
4840,474933.44
4841,270973.78
4842,443173.5
4843,824736.44
4844,351650.16
4845,409579.03
4846,176359.89
4847,423937.9
4848,1.0925959e+06
4849,541423.25
4850,739873.06
4851,601786.3
4852,468598.7
4853,644581.56
4854,960065.94
4855,207207.66
4856,346707.75
4857,990390.0
4858,545019.44
4859,1.946394e+06
4860,788512.0
4861,643168.6
4862,249265.05
4863,452003.94
4864,624398.3
4865,248008.42
4866,297137.88
4867,237797.69
4868,446100.97
4869,147734.45
4870,248626.88
4871,263333.84
4872,269345.5
4873,467060.25
4874,332007.53
4875,207388.98
4876,364128.06
4877,292255.22
4878,755835.94
4879,494786.84
4880,409564.4
4881,422494.7
4882,291009.7
4883,579442.7
4884,552397.8
4885,316925.66
4886,391278.75
4887,367289.28
4888,209751.28
4889,351215.66
4890,249297.02
4891,388093.3
4892,278720.38
4893,301582.06
4894,1.0130536e+06
4895,310103.38
4896,851553.2
4897,889733.5
4898,809919.9
4899,234617.45
4900,918176.75
4901,308177.44
4902,977292.56
4903,319469.94
4904,596699.2
4905,452291.62
4906,283238.0
4907,365300.56
4908,634721.44
4909,672065.9
4910,480089.8
4911,546920.4
4912,803289.56
4913,233405.69
4914,563741.44
4915,638331.9
4916,745517.8
4917,281866.0
4918,520836.7
4919,509660.53
4920,373236.16
4921,495491.5
4922,561325.9
4923,285730.8
4924,881276.75
4925,995949.2
4926,362515.5
4927,503008.38
4928,232157.34
4929,188075.61
4930,303671.3
4931,689003.3
4932,214290.39
4933,695923.75
4934,338594.5
4935,391660.6
4936,219511.38
4937,405064.0
4938,705853.56
4939,572890.4
4940,354959.0
4941,474271.16
4942,318580.88
4943,549038.75
4944,224886.08
4945,176622.19
4946,527048.75
4947,315730.06
4948,490378.84
4949,803046.56
4950,612157.56
4951,738402.56
4952,211679.62
4953,699486.6
4954,338533.0
4955,240424.11
4956,1.0167975e+06
4957,527787.0
4958,681200.25
4959,524328.75
4960,240309.53
4961,535071.06
4962,447077.44
4963,1.0879455e+06
4964,627709.9
4965,480205.47
4966,898329.2
4967,650413.2
4968,754784.56
4969,537110.44
4970,1.2385018e+06
4971,354596.6
4972,292441.75
4973,479846.78
4974,265809.03
4975,356965.53
4976,701757.7
4977,993145.4
4978,1.3348111e+06
4979,1.1627916e+06
4980,496271.38
4981,455188.66
4982,341521.0
4983,502148.1
4984,946245.8
4985,364102.2
4986,406181.4
4987,1.3150099e+06
4988,1.6729099e+06
4989,765372.25
4990,968057.44
4991,479327.62
4992,170446.42
4993,352518.38
4994,403604.06
4995,856721.1
4996,244093.03
4997,294761.4
4998,526750.56
4999,376487.22
5000,294392.1
5001,576523.0
5002,487158.16
5003,738807.75
5004,308269.94
5005,230862.81
5006,948060.5
5007,306509.0
5008,413614.5
5009,284641.28
5010,655410.06
5011,640937.4
5012,349069.88
5013,430005.22
5014,363359.1
5015,265897.16
5016,442346.38
5017,526610.1
5018,542734.25
5019,350162.5
5020,219129.05
5021,495024.2
5022,647256.6
5023,333878.75
5024,268422.9
5025,603931.94
5026,583654.4
5027,356310.34
5028,265904.84
5029,503759.44
5030,185934.98
5031,509133.9
5032,1.0608788e+06
5033,218675.97
5034,592929.7
5035,607791.4
5036,484313.53
5037,669945.6
5038,547543.1
5039,4.658181e+06
5040,325669.38
5041,526227.5
5042,381432.9
5043,283780.28
5044,349976.53
5045,1.0595601e+06
5046,553912.0
5047,190196.38
5048,414662.97
5049,424908.9
5050,439425.6
5051,307565.88
5052,256359.6
5053,428266.25
5054,390824.88
5055,421913.22
5056,311201.62
5057,365961.62
5058,688375.94
5059,463796.47
5060,543308.4
5061,255680.92
5062,441562.34
5063,390715.53
5064,548420.1
5065,361508.84
5066,295638.56
5067,496185.6
5068,712736.3
5069,254834.16
5070,1.0958036e+06
5071,316174.34
5072,742548.2
5073,1.2901028e+06
5074,359678.25
5075,507317.28
5076,477752.06
5077,677510.94
5078,228163.27
5079,202625.33
5080,640450.94
5081,453938.75
5082,460993.03
5083,492177.0
5084,352816.72
5085,210102.2
5086,2.833347e+06
5087,603299.2
5088,715377.2
5089,332518.3
5090,269920.44
5091,684587.7
5092,278662.84
5093,937891.2
5094,638016.5
5095,395640.78
5096,444674.22
5097,553513.4
5098,668684.5
5099,677817.1
5100,790899.7
5101,554810.5
5102,576653.06
5103,685140.25
5104,519124.94
5105,977547.2
5106,319645.0
5107,705293.25
5108,294700.34
5109,923747.56
5110,857963.0
5111,579377.25
5112,422015.84
5113,445866.8
5114,222191.94
5115,696038.0
5116,758271.06
5117,731470.25
5118,882899.1
5119,545658.06
5120,771350.1
5121,669515.3
5122,1.4946529e+06
5123,377955.56
5124,1.7681774e+06
5125,501550.56
5126,255301.56
5127,426859.34
5128,708402.4
5129,563507.7
5130,1.2515548e+06
5131,234424.47
5132,320938.6
5133,380829.72
5134,348546.7
5135,833578.06
5136,558244.9
5137,902928.5
5138,768376.25
5139,353398.5
5140,632876.44
5141,362438.12
5142,900284.25
5143,358208.84
5144,473733.2
5145,825201.75
5146,392028.06
5147,251724.6
5148,208559.17
5149,336315.44
5150,599986.4
5151,2.615013e+06
5152,402002.03
5153,1.7168636e+06
5154,734498.25
5155,374944.78
5156,243987.7
5157,860485.56
5158,534216.8
5159,1.3234739e+06
5160,860567.3
5161,670269.1
5162,328399.53
5163,333939.56
5164,801716.56
5165,208386.61
5166,1.597737e+06
5167,806891.6
5168,633293.1
5169,410359.12
5170,615150.0
5171,339064.22
5172,803924.5
5173,429237.4
5174,809054.2
5175,278293.06
5176,387082.16
5177,169145.97
5178,1.0598256e+06
5179,452599.34
5180,418666.03
5181,295651.28
5182,571667.9
5183,483451.16
5184,312671.72
5185,205421.73
5186,418037.6
5187,572548.9
5188,479860.84
5189,387863.3
5190,246216.7
5191,279365.2
5192,365863.25
5193,383435.72
5194,542559.44
5195,282293.38
5196,645575.44
5197,523038.25
5198,447729.56
5199,619074.3
5200,745465.5
5201,503178.5
5202,713174.94
5203,1.0033689e+06
5204,390413.44
5205,405958.78
5206,593223.0
5207,558151.94
5208,765401.0
5209,214518.27
5210,1.0172132e+06
5211,369485.97
5212,1.8634432e+06
5213,652693.0
5214,763915.5
5215,501871.78
5216,610567.3
5217,309185.03
5218,419374.78
5219,279541.94
5220,445108.06
5221,715107.8
5222,287564.38
5223,210458.56
5224,520401.75
5225,379312.1
5226,645048.44
5227,238939.73
5228,528235.8
5229,1.0966286e+06
5230,347070.94
5231,344161.84
5232,310863.75
5233,501830.8
5234,336587.47
5235,655354.94
5236,778906.8
5237,786631.2
5238,231318.84
5239,251304.84
5240,413231.0
5241,659254.6
5242,773026.6
5243,368097.84
5244,1.0677464e+06
5245,291532.25
5246,419174.94
5247,270586.97
5248,208554.06
5249,468419.16
5250,284880.06
5251,431335.6
5252,457411.56
5253,369980.56
5254,857889.3
5255,256772.8
5256,657987.7
5257,827988.5
5258,448780.66
5259,366367.53
5260,344291.75
5261,421247.3
5262,277248.62
5263,549790.06
5264,343928.5
5265,286551.75
5266,697695.06
5267,616783.56
5268,394597.0
5269,808488.8
5270,233429.6
5271,1.01315706e+06
5272,348914.94
5273,608599.44
5274,448759.12
5275,273748.3
5276,254291.06
5277,515980.62
5278,248962.25
5279,234342.97
5280,388725.44
5281,929490.25
5282,215588.39
5283,628213.1
5284,631404.2
5285,331220.25
5286,384335.66
5287,694292.2
5288,404511.72
5289,288876.34
5290,815951.9
5291,504259.44
5292,513064.12
5293,2.5928695e+06
5294,404200.25
5295,403564.3
5296,1.0130753e+06
5297,469965.97
5298,327689.97
5299,309274.2
5300,525987.0
5301,345436.88
5302,693468.2
5303,459510.25
5304,337101.94
5305,567509.44
5306,642275.5
5307,521739.62
5308,627593.94
5309,440913.28
5310,427961.06
5311,346391.03
5312,510909.3
5313,465854.5
5314,271378.72
5315,735114.5
5316,716634.06
5317,363311.34
5318,433142.78
5319,296672.88
5320,882969.06
5321,268111.12
5322,261694.06
5323,783468.5
5324,385617.78
5325,460623.6
5326,411273.38
5327,614036.5
5328,769347.44
5329,622895.56
5330,275892.56
5331,191492.44
5332,299967.88
5333,506068.62
5334,355250.0
5335,635704.94
5336,858977.3
5337,505922.75
5338,256096.89
5339,1.183468e+06
5340,488282.12
5341,704384.8
5342,270526.88
5343,688399.1
5344,648711.0
5345,229631.42
5346,323251.97
5347,256979.12
5348,270022.0
5349,423632.7
5350,1.6382172e+06
5351,151248.72
5352,592657.8
5353,411807.72
5354,243265.81
5355,342924.8
5356,337042.7
5357,799818.5
5358,934221.06
5359,462244.7
5360,435750.3
5361,605980.25
5362,495777.97
5363,855846.94
5364,515109.06
5365,678438.6
5366,1.1926751e+06
5367,1.4424038e+06
5368,309052.78
5369,210574.33
5370,290986.47
5371,622955.56
5372,337311.75
5373,257316.88
5374,656130.2
5375,419163.94
5376,258636.88
5377,242601.06
5378,1.6018662e+06
5379,233685.44
5380,1.4219942e+06
5381,278965.16
5382,2.170402e+06
5383,482798.12
5384,466065.56
5385,587174.4
5386,329257.47
5387,320906.78
5388,333128.0
5389,349502.6
5390,349947.0
5391,304003.8
5392,333162.78
5393,351512.6
5394,679585.6
5395,1.1922396e+06
5396,400295.0
5397,368090.4
5398,812765.44
5399,673433.56
5400,651909.5
5401,291611.8
5402,1.832387e+06
5403,322953.28
